symbol,source_list,first_seen_timestamp,time_bucket,first_seen_price,pct_change_at_first_seen,in_experiment_bracket,price_bucket,closed,closed_at,peak_price_reached,pct_of_target_reached_if_not_closed
AAOG,under120,20260722T1336Z,morning,3.755,-0.07739557739557748,False,3-10,False,,3.9258,101.97
AAOI,under120,20260722T1937Z,afternoon,111.145,-0.06804460841858133,False,10-120,False,,111.46,98.32
AAOX,under120,20260722T1336Z,morning,16.83,-0.07272727272727275,False,10-120,False,,17.63,102.03
ACH,under120,20260722T1937Z,afternoon,3.18,-0.07017543859649117,False,3-10,False,,3.18,97.85
ACMR,under120,20260722T1937Z,afternoon,89.99,-0.05542143381967043,False,10-120,False,,90.285,98.36
ACTU,under120,20260722T1937Z,afternoon,1.28,-0.05185185185185189,False,1-3,False,,1.28,97.71
ACXP,under120,20260722T1637Z,morning,1.44,-0.05263157894736847,False,1-3,True,2026-07-22T19:55:00Z,1.47,
ADTN,under120,20260722T1336Z,morning,9.66,-0.20428336079077433,True,3-10,True,2026-07-22T13:45:00Z,10.265,
AEHG,under120,20260722T1336Z,morning,11.4111,-0.07377435064935073,False,10-120,True,2026-07-22T13:45:00Z,12.1718,
AEHL,under120,20260722T1637Z,morning,0.6074,-0.05916976456009898,False,<1,False,,0.6245,100.73
AEI,under120,20260722T1937Z,afternoon,1.07,-0.06140350877192969,False,1-3,False,,1.09,99.09
AEON,under120,20260722T1937Z,afternoon,0.2683,-0.06840277777777777,False,<1,False,,0.2683,97.92
AEVA,under120,20260722T1937Z,afternoon,16.8,-0.050310910118711166,False,10-120,False,,16.83,98.19
AGL,under120,20260722T1937Z,afternoon,118.9,-0.0546986802353315,False,10-120,False,,120.78,99.59
AGPU,under120,20260722T1336Z,morning,8.0365,-0.15759958071278815,True,3-10,True,2026-07-22T13:35:00Z,8.685,
AHG,under120,20260722T1637Z,morning,1.49,-0.06875000000000006,False,1-3,True,2026-07-22T19:55:00Z,1.59,
AI,under120,20260722T1937Z,afternoon,8.05,-0.06286379511059362,False,3-10,False,,8.19,99.64
AIFC,under120,20260722T1937Z,afternoon,0.477,-0.0658049353701529,False,<1,False,,0.4849,99.57
AIIO,under120,20260722T1637Z,morning,3.03,-0.057542768273716974,False,3-10,True,2026-07-22T19:20:00Z,3.13,
AIOS,under120,20260722T1336Z,morning,12.3,-0.054573405073020685,False,10-120,False,,12.3,98.01
AIR,120to500,20260722T1637Z,morning,127.0,-0.10183875530410187,False,120-500,False,,128.99,99.58
AIRE,under120,20260722T1937Z,afternoon,1.3099,-0.05079710144927524,False,1-3,False,,1.3099,97.75
AIXI,under120,20260722T1336Z,morning,1.17,-0.05645161290322586,False,1-3,True,2026-07-22T14:20:00Z,1.23,
ALAR,under120,20260722T1637Z,morning,2.05,-0.05963302752293593,False,1-3,False,,2.08,99.05
ALGS,under120,20260722T1937Z,afternoon,5.165,-0.05055147058823536,False,3-10,False,,5.19,98.48
ALK,under120,20260722T1336Z,morning,43.17,-0.05037395512538494,False,10-120,True,2026-07-22T19:35:00Z,44.2,
ALKT,under120,20260722T1937Z,afternoon,16.39,-0.058045977011494145,False,10-120,False,,16.52,98.8
ALOY,under120,20260722T1637Z,morning,8.4225,-0.06416666666666673,False,3-10,False,,8.43,98.02
ALVO,under120,20260722T1937Z,afternoon,3.225,-0.08380681818181816,False,3-10,False,,3.225,98.02
AMBO,under120,20260722T1637Z,morning,2.22,-0.05128205128205114,False,1-3,True,2026-07-22T18:05:00Z,2.335,
AMIX,under120,20260722T1937Z,afternoon,4.03,-0.06060606060606056,False,3-10,False,,4.06,98.54
AMPL,under120,20260722T1637Z,morning,8.87,-0.07507820646506784,False,3-10,False,,8.875,98.07
AMPX,under120,20260722T1937Z,afternoon,10.2903,-0.05420036764705887,False,10-120,False,,10.305,98.14
AMSF,under120,20260722T1637Z,morning,32.07,-0.056209535020600256,False,10-120,False,,32.25,98.56
AMTD,under120,20260722T1336Z,morning,0.8149,-0.05244186046511631,False,<1,True,2026-07-22T13:45:00Z,0.8799,
AMWL,under120,20260722T1937Z,afternoon,11.77,-0.0561347233360065,False,10-120,False,,11.77,98.0
ANPA,under120,20260722T1637Z,morning,3.495,-0.12624999999999997,False,3-10,True,2026-07-22T17:25:00Z,3.7347,
ANTA,under120,20260722T1637Z,morning,3.5,-0.1048593350383632,False,3-10,True,2026-07-22T19:40:00Z,3.71,
APMI,under120,20260722T1336Z,morning,20.575,-0.0726008194467608,False,10-120,True,2026-07-22T15:50:00Z,21.73,
APPN,under120,20260722T1336Z,morning,23.085,-0.08934911242603552,False,10-120,False,,23.55,100.0
APPS,under120,20260722T1937Z,afternoon,8.46,-0.07843137254901948,False,3-10,False,,8.52,98.73
APPX,under120,20260722T1336Z,morning,24.99,-0.06544502617801047,False,10-120,False,,25.48,99.96
APYX,under120,20260722T1937Z,afternoon,3.88,-0.05825242718446607,False,3-10,False,,3.94,99.49
ARAI,under120,20260722T1937Z,afternoon,0.3136,-0.05627445079747215,False,<1,False,,0.315,98.44
AREN,under120,20260722T1637Z,morning,1.03,-0.07207207207207213,False,1-3,False,,1.04,98.11
ARMG,under120,20260722T1336Z,morning,23.7601,-0.05111421725239608,False,10-120,True,2026-07-22T19:35:00Z,24.735,
ARTL,under120,20260722T1937Z,afternoon,1.06,-0.05357142857142862,False,1-3,False,,1.075,98.62
ASAN,under120,20260722T1637Z,morning,6.805,-0.07916102841677942,False,3-10,False,,6.955,100.07
ASTH,under120,20260722T1937Z,afternoon,41.93,-0.07765068191816984,False,10-120,False,,42.38,99.09
ATER,under120,20260722T1637Z,morning,0.9591,-0.06883495145631074,False,<1,False,,0.977,99.8
ATGL,under120,20260722T1637Z,morning,10.1,-0.05959031657355685,False,10-120,True,2026-07-22T16:50:00Z,11.3245,
AUGT,under120,20260722T1336Z,morning,34.55,-0.0989698787325597,False,10-120,True,2026-07-22T18:35:00Z,38.39,
AUUD,under120,20260722T1637Z,morning,1.135,-0.06967213114754095,False,1-3,False,,1.14,98.28
AVAT,under120,20260722T1637Z,morning,0.475,-0.07226562500000007,False,<1,False,,0.493,101.65
AVPT,under120,20260722T1637Z,morning,12.115,-0.06879323597232895,False,10-120,False,,12.125,98.1
AWRE,under120,20260722T1937Z,afternoon,1.085,-0.06465517241379307,False,1-3,True,2026-07-22T19:45:00Z,1.13,
AXTI,under120,20260722T1637Z,morning,53.6,-0.0514953105645018,False,10-120,False,,53.7,98.21
AXTL,under120,20260722T1336Z,morning,2.67,-0.08561643835616438,False,1-3,True,2026-07-22T14:00:00Z,2.92,
AXTU,under120,20260722T1336Z,morning,3.71,-0.08620689655172406,False,3-10,True,2026-07-22T13:45:00Z,3.92,
AXTX,under120,20260722T1336Z,morning,6.83,-0.09775429326287981,False,3-10,True,2026-07-22T13:40:00Z,7.25,
AZI,under120,20260722T1937Z,afternoon,1.27,-0.0522388059701493,False,1-3,False,,1.29,99.23
BAND,under120,20260722T1937Z,afternoon,64.63,-0.08143831722569647,False,10-120,False,,64.75,98.21
BANL,under120,20260722T1937Z,afternoon,4.74,-0.08139534883720928,False,3-10,False,,4.74,97.93
BBNX,under120,20260722T1637Z,morning,16.68,-0.053348467650397344,False,10-120,False,,16.885,99.21
BCAB,under120,20260722T1937Z,afternoon,3.44,-0.06775067750677508,False,3-10,False,,3.44,98.01
BCTX,under120,20260722T1637Z,morning,3.56,-0.05066666666666665,False,3-10,False,,3.625,99.59
BEAT,under120,20260722T1637Z,morning,0.5625,-0.050151975683890494,False,<1,False,,0.5625,98.0
BETA,under120,20260722T1937Z,afternoon,18.5,-0.053708439897698246,False,10-120,False,,18.555,98.33
BGI,under120,20260722T1637Z,morning,0.5353,-0.060877192982456065,False,<1,True,2026-07-22T18:05:00Z,0.5575,
BGLC,under120,20260722T1637Z,morning,1.5,-0.07975460122699381,False,1-3,True,2026-07-22T18:40:00Z,1.57,
BHVN,under120,20260722T1637Z,morning,14.675,-0.05383623468729846,False,10-120,False,,15.05,100.53
BILL,under120,20260722T1937Z,afternoon,41.811,-0.055332128332580166,False,10-120,False,,41.93,98.31
BIOX,under120,20260722T1637Z,morning,0.3301,-0.05143678160919533,False,<1,True,2026-07-22T17:10:00Z,0.3499,
BJDX,under120,20260722T1336Z,morning,1.0801,-0.06887931034482747,False,1-3,True,2026-07-22T17:35:00Z,1.1611,
BKU,under120,20260722T1336Z,morning,45.62,-0.05096733929685881,False,10-120,False,,46.33,99.55
BL,under120,20260722T1937Z,afternoon,27.78,-0.05381471389645771,False,10-120,False,,27.98,98.73
BLND,under120,20260722T1937Z,afternoon,1.725,-0.0824468085106382,False,1-3,False,,1.745,99.15
BMI,120to500,20260722T1336Z,morning,137.97,-0.054157811750188564,False,120-500,False,,140.04,99.51
BOX,under120,20260722T1937Z,afternoon,28.165,-0.05928523714094863,False,10-120,False,,28.45,99.03
BRIA,under120,20260722T1637Z,morning,1.35,-0.05594405594405584,False,1-3,True,2026-07-22T19:40:00Z,1.4044,
BRUN,under120,20260722T1937Z,afternoon,24.1325,-0.05473952213082651,False,10-120,False,,24.24,98.46
BRZE,under120,20260722T1336Z,morning,23.045,-0.05086490939044479,False,10-120,False,,23.23,98.81
BSY,under120,20260722T1937Z,afternoon,29.555,-0.05454254638515681,False,10-120,False,,29.78,98.77
BTGO,under120,20260722T1937Z,afternoon,5.33,-0.05663716814159297,False,3-10,False,,5.385,98.99
BTMD,under120,20260722T1937Z,afternoon,2.35,-0.06746031746031743,False,1-3,False,,2.36,98.33
BTTC,under120,20260722T1637Z,morning,0.98,-0.06666666666666672,False,<1,False,,1.0,100.0
BWB,under120,20260722T1336Z,morning,20.703,-0.05422567382366383,False,10-120,False,,21.015,99.5
BXBL,under120,20260722T1637Z,morning,6.275,-0.21660424469413228,True,3-10,False,,6.4,99.84
BYAH,under120,20260722T1336Z,morning,0.449,-0.1220179898318341,False,<1,True,2026-07-22T16:05:00Z,0.4744,
BYSI,under120,20260722T1937Z,afternoon,1.15,-0.08000000000000007,False,1-3,False,,1.15,97.46
CALM,under120,20260722T1336Z,morning,82.56,-0.05375358166189109,False,10-120,True,2026-07-22T15:20:00Z,86.76,
CBIO,under120,20260722T1637Z,morning,15.645,-0.059795673076923135,False,10-120,True,2026-07-22T19:45:00Z,15.98,
CBLL,under120,20260722T1937Z,afternoon,16.92,-0.054220234768026766,False,10-120,False,,16.95,98.2
CBRZ,under120,20260722T1336Z,morning,13.24,-0.11260053619302947,False,10-120,True,2026-07-22T14:15:00Z,14.21,
CBUS,under120,20260722T1637Z,morning,1.755,-0.056451612903225916,False,1-3,True,2026-07-22T19:35:00Z,1.8,
CCC,under120,20260722T1937Z,afternoon,5.68,-0.06885245901639343,False,3-10,False,,5.75,99.14
CCSI,under120,20260722T1937Z,afternoon,33.98,-0.0589864303517032,False,10-120,False,,34.3225,99.03
CCTG,under120,20260722T1637Z,morning,0.7853,-0.07590021181454461,False,<1,True,2026-07-22T18:35:00Z,0.8104,
CCUP,under120,20260722T1336Z,morning,1.695,-0.07123287671232871,False,1-3,False,,1.7799,101.71
CDXS,under120,20260722T1937Z,afternoon,2.06,-0.06363636363636369,False,1-3,False,,2.065,97.87
CENN,under120,20260722T1637Z,morning,3.21,-0.05309734513274341,False,3-10,True,2026-07-22T17:00:00Z,3.4177,
CHR,under120,20260722T1336Z,morning,1.778,-0.1065326633165829,False,1-3,True,2026-07-22T14:10:00Z,1.875,
CIGL,under120,20260722T1637Z,morning,0.5305,-0.05098389982110926,False,<1,False,,0.5331,98.36
CIIT,under120,20260722T1336Z,morning,3.55,-0.06578947368421052,False,3-10,False,,3.6,99.17
CIR,under120,20260722T1336Z,morning,19.51,-0.2452406835001334,False,10-120,True,2026-07-22T16:00:00Z,23.6501,
CIRC,under120,20260722T1336Z,morning,0.68,-0.053978853644963756,False,<1,True,2026-07-22T19:00:00Z,0.71,
CISO,under120,20260722T1336Z,morning,0.2601,-0.05038335158817079,False,<1,True,2026-07-22T14:25:00Z,0.2749,
CLGN,under120,20260722T1937Z,afternoon,0.302,-0.05625000000000005,False,<1,True,2026-07-22T19:45:00Z,0.32,
CLRO,under120,20260722T1637Z,morning,6.35,-0.052238805970149335,False,3-10,False,,6.4901,100.16
CLVT,under120,20260722T1637Z,morning,2.055,-0.0866666666666666,False,1-3,False,,2.06,98.1
CMCT,under120,20260722T1336Z,morning,2.34,-0.05454545454545464,False,1-3,True,2026-07-22T14:25:00Z,2.46,
CMRC,under120,20260722T1637Z,morning,2.79,-0.060606060606060656,False,1-3,False,,2.81,98.6
CNET,under120,20260722T1336Z,morning,1.03,-0.07207207207207213,False,1-3,True,2026-07-22T17:05:00Z,1.1,
COHC,under120,20260722T1336Z,morning,17.6182,-0.18953929663960242,False,10-120,True,2026-07-22T14:55:00Z,21.35,
COIN,120to500,20260722T1937Z,afternoon,166.63,-0.05243104918965027,False,120-500,False,,166.9003,98.19
CORD,under120,20260722T1336Z,morning,6.945,-0.06338503034389747,False,3-10,False,,7.02,99.01
CPHI,under120,20260722T1336Z,morning,2.515,-0.6895061728395061,False,1-3,True,2026-07-22T13:35:00Z,2.8,
CPIX,under120,20260722T1637Z,morning,7.26,-0.07515923566878979,False,3-10,False,,7.2624,98.01
CRCA,under120,20260722T1336Z,morning,14.5,-0.07702100572883519,False,10-120,True,2026-07-22T13:45:00Z,15.2382,
CRCG,under120,20260722T1336Z,morning,9.82,-0.07095553453169347,False,3-10,True,2026-07-22T14:05:00Z,10.32,
CRCL,under120,20260722T1937Z,afternoon,65.77,-0.07470455824423189,False,10-120,False,,66.22,98.7
CRE,under120,20260722T1336Z,morning,2.7601,-0.06119047619047618,False,1-3,False,,2.809,99.61
CSTE,under120,20260722T1637Z,morning,2.23,-0.05508474576271182,False,1-3,False,,2.32,101.75
CTEV,under120,20260722T1637Z,morning,25.165,-0.1228651097943535,False,10-120,False,,25.71,100.16
CUPR,under120,20260722T1937Z,afternoon,3.55,-0.07310704960835515,False,3-10,False,,3.55,97.8
CWK,under120,20260722T1637Z,morning,12.43,-0.0504201680672269,False,10-120,False,,12.5,98.58
CXM,under120,20260722T1637Z,morning,5.5,-0.05008635578583766,False,3-10,False,,5.575,99.38
CYAB,under120,20260722T1937Z,afternoon,0.2893,-0.05550114267058444,False,<1,False,,0.2899,97.94
CYPH,under120,20260722T1637Z,morning,0.6875,-0.06968876860622461,False,<1,False,,0.704,100.28
DAIC,under120,20260722T1336Z,morning,1.2711,-0.051417910447761325,False,1-3,True,2026-07-22T14:10:00Z,1.36,
DASH,120to500,20260722T1937Z,afternoon,176.41,-0.06184854286322057,False,120-500,False,,178.275,99.07
DDFM,under120,20260722T1336Z,morning,18.72,-0.05621376354928167,False,10-120,True,2026-07-22T15:15:00Z,19.79,
DJT,under120,20260722T1937Z,afternoon,9.165,-0.06670061099796346,False,3-10,False,,9.24,98.82
DLHC,under120,20260722T1937Z,afternoon,5.12,-0.05185185185185189,False,3-10,False,,5.13,98.09
DMRA,under120,20260722T1637Z,morning,30.42,-0.07790239466505001,False,10-120,False,,30.42,98.03
DMRC,under120,20260722T1937Z,afternoon,5.92,-0.08923076923076924,False,3-10,True,2026-07-22T19:40:00Z,6.1,
DNNG,under120,20260722T1336Z,morning,5.815,-0.11217307662946384,False,3-10,True,2026-07-22T13:40:00Z,6.77,
DOCU,under120,20260722T1637Z,morning,48.01,-0.05380370516357911,False,10-120,False,,48.09,98.18
DOMO,under120,20260722T1937Z,afternoon,3.155,-0.08284883720930236,False,3-10,False,,3.205,99.53
DRAL,under120,20260722T1336Z,morning,11.91,-0.06807511737089196,False,10-120,True,2026-07-22T14:20:00Z,12.56,
DSP,under120,20260722T1637Z,morning,10.82,-0.07993197278911561,False,10-120,True,2026-07-22T19:55:00Z,11.185,
DSS,under120,20260722T1336Z,morning,0.5701,-0.06525659944253147,False,<1,True,2026-07-22T19:55:00Z,0.6045,
DTSS,under120,20260722T1937Z,afternoon,0.7946,-0.05088389870998576,False,<1,False,,0.7946,97.98
DUST,under120,20260722T1336Z,morning,59.47,-0.0726648994230469,False,10-120,False,,60.6,99.9
DXCM,under120,20260722T1937Z,afternoon,70.81,-0.05270903010033442,False,10-120,False,,71.6795,99.24
DYAI,under120,20260722T1637Z,morning,1.34,-0.0884353741496598,False,1-3,False,,1.34,97.81
DYN,under120,20260722T1637Z,morning,22.15,-0.07049937054133444,False,10-120,True,2026-07-22T17:35:00Z,23.04,
EDBL,under120,20260722T1637Z,morning,3.41,-0.052777777777777764,False,3-10,True,2026-07-22T18:30:00Z,3.5648,
EDSA,under120,20260722T1637Z,morning,5.705,-0.05389718076285243,False,3-10,False,,5.78,99.31
EEIQ,under120,20260722T1937Z,afternoon,2.2601,-0.06607438016528923,False,1-3,True,2026-07-22T19:40:00Z,2.44,
EGHT,under120,20260722T1637Z,morning,1.755,-0.07142857142857144,False,1-3,False,,1.76,97.78
EJH,under120,20260722T1336Z,morning,1.9,-0.05585370701649774,False,1-3,True,2026-07-22T13:35:00Z,2.025,
ELPW,under120,20260722T1937Z,afternoon,0.2499,-0.0916030534351145,False,<1,True,2026-07-22T19:35:00Z,0.2611,
ELVA,under120,20260722T1637Z,morning,9.38,-0.07948969578017652,False,3-10,False,,9.52,99.48
EOSE,under120,20260722T1937Z,afternoon,4.0169,-0.05261792452830201,False,3-10,False,,4.03,98.29
ESLA,under120,20260722T1937Z,afternoon,0.7513,-0.060875000000000096,False,<1,False,,0.761,99.22
EVER,under120,20260722T1937Z,afternoon,25.08,-0.06835066864784559,False,10-120,False,,25.19,98.44
EVH,under120,20260722T1937Z,afternoon,5.555,-0.05042735042735042,False,3-10,False,,5.575,98.32
EVLV,under120,20260722T1937Z,afternoon,5.31,-0.05683836589698051,False,3-10,False,,5.37,99.08
EVMN,under120,20260722T1937Z,afternoon,11.355,-0.07078559738134207,False,10-120,False,,11.555,99.7
FA,under120,20260722T1937Z,afternoon,19.74,-0.06534090909090921,False,10-120,False,,20.0,99.3
FATE,under120,20260722T1637Z,morning,2.615,-0.0759717314487632,False,1-3,False,,2.63,98.5
FBGL,under120,20260722T1637Z,morning,0.5101,-0.17712534279722536,True,<1,True,2026-07-22T18:15:00Z,0.5399,
FEDU,under120,20260722T1637Z,morning,7.8,-0.08127208480565376,False,3-10,True,2026-07-22T19:25:00Z,8.2717,
FEIM,under120,20260722T1637Z,morning,74.3106,-0.06931429644937072,False,10-120,False,,74.85,98.75
FEMY,under120,20260722T1637Z,morning,3.56,-0.0895140664961637,False,3-10,True,2026-07-22T16:50:00Z,3.74,
FFAI,under120,20260722T1336Z,morning,0.07,-0.37275985663082434,False,<1,True,2026-07-22T14:10:00Z,0.074,
FFBC,under120,20260722T1336Z,morning,33.32,-0.06588169329969165,False,10-120,False,,33.98,99.97
FIVN,under120,20260722T1637Z,morning,23.25,-0.0784780023781213,False,10-120,False,,23.25,98.02
FJET,under120,20260722T1937Z,afternoon,3.73,-0.07444168734491322,False,3-10,False,,3.745,98.29
FLYW,under120,20260722T1937Z,afternoon,16.36,-0.0635374928448769,False,10-120,False,,16.59,99.4
FMST,under120,20260722T1637Z,morning,1.705,-0.14321608040201,False,1-3,False,,1.72,98.85
FNGR,under120,20260722T1637Z,morning,0.2839,-0.05429713524317134,False,<1,False,,0.2867,98.86
FOFO,under120,20260722T1937Z,afternoon,2.37,-0.05577689243027876,False,1-3,False,,2.38,98.35
FRMM,under120,20260722T1937Z,afternoon,5.8,-0.0538336052202284,False,3-10,False,,5.8,97.97
FROG,under120,20260722T1637Z,morning,81.31,-0.060651571164510164,False,10-120,False,,81.77,98.59
FRSH,under120,20260722T1637Z,morning,10.0,-0.06454630495790455,False,10-120,False,,10.085,98.87
FSP,under120,20260722T1937Z,afternoon,0.441,-0.06863780359028505,False,<1,False,,0.4494,99.87
FTH,under120,20260722T1336Z,morning,26.675,-0.0597462107860416,False,10-120,True,2026-07-22T13:55:00Z,28.23,
FTRK,under120,20260722T1336Z,morning,0.478,-0.05626850937808484,False,<1,True,2026-07-22T17:00:00Z,0.5065,
FVRR,under120,20260722T1937Z,afternoon,10.4305,-0.05435176790571161,False,10-120,False,,10.51,98.78
GAIA,under120,20260722T1937Z,afternoon,1.92,-0.058823529411764754,False,1-3,False,,1.93,98.47
GALT,under120,20260722T1637Z,morning,3.64,-0.05331599479843955,False,3-10,False,,3.6408,97.87
GCMG,under120,20260722T1937Z,afternoon,11.83,-0.06666666666666671,False,10-120,False,,12.03,99.67
GCTK,under120,20260722T1336Z,morning,0.3421,-0.08748999733262201,False,<1,False,,0.3487,99.91
GDXD,under120,20260722T1336Z,morning,44.14,-0.11383256374222046,False,10-120,True,2026-07-22T18:30:00Z,45.489,
GEMG,under120,20260722T1336Z,morning,9.42,-0.07381006223760411,False,3-10,False,,9.6399,100.31
GEVC,under120,20260722T1336Z,morning,21.8,-0.12148139192810649,False,10-120,False,,22.16,99.64
GEVG,under120,20260722T1336Z,morning,26.35,-0.13265306122448972,False,10-120,False,,26.91,100.11
GEVX,under120,20260722T1336Z,morning,21.04,-0.11670864819479433,False,10-120,False,,21.28,99.12
GEW,under120,20260722T1336Z,morning,51.21,-0.06874654485146499,False,10-120,True,2026-07-22T16:45:00Z,55.18,
GFUZ,under120,20260722T1937Z,afternoon,8.675,-0.05603917301414568,False,3-10,False,,8.6999,98.3
GIPR,under120,20260722T1336Z,morning,0.918,-0.09108910891089106,False,<1,False,,0.9599,102.01
GITS,under120,20260722T1937Z,afternoon,2.0,-0.11504424778761053,False,1-3,False,,2.03,99.51
GLMD,under120,20260722T1637Z,morning,0.4851,-0.06531791907514459,False,<1,True,2026-07-22T19:55:00Z,0.5049,
GLSI,under120,20260722T1637Z,morning,13.85,-0.05460750853242326,False,10-120,False,,13.95,98.73
GLXG,under120,20260722T1336Z,morning,0.924,-0.051334702258726835,False,<1,False,,0.9487,100.6
GMM,under120,20260722T1637Z,morning,2.9488,-0.06977917981072557,False,1-3,False,,2.9999,99.66
GMTL,under120,20260722T1937Z,afternoon,11.32,-0.07213114754098353,False,10-120,False,,11.38,98.53
GOSS,under120,20260722T1637Z,morning,0.1403,-0.09366925064599474,False,<1,True,2026-07-22T19:55:00Z,0.1448,
GP,under120,20260722T1937Z,afternoon,1.495,-0.06562499999999999,False,1-3,False,,1.5099,98.69
GRDX,under120,20260722T1937Z,afternoon,3.36,-0.05084745762711869,False,3-10,True,2026-07-22T19:40:00Z,3.47,
GRML,under120,20260722T1637Z,morning,0.2301,-0.06081632653061223,False,<1,False,,0.2343,99.7
GVH,under120,20260722T1336Z,morning,1.04,-0.05454545454545459,False,1-3,False,,1.08,100.93
GWRE,120to500,20260722T1637Z,morning,133.87,-0.0607591384269978,False,120-500,False,,134.77,98.7
HAFC,under120,20260722T1336Z,morning,30.525,-0.059901447489990774,False,10-120,True,2026-07-22T19:25:00Z,31.555,
HAO,under120,20260722T1937Z,afternoon,0.188,-0.08649173955296409,False,<1,False,,0.1898,98.85
HCKT,under120,20260722T1937Z,afternoon,9.38,-0.07767944936086521,False,3-10,False,,9.49,99.16
HCSG,under120,20260722T1336Z,morning,21.99,-0.11330645161290331,False,10-120,True,2026-07-22T13:45:00Z,23.33,
HCWB,under120,20260722T1336Z,morning,3.13,-0.07396449704142012,False,3-10,True,2026-07-22T13:45:00Z,3.345,
HFEQ,under120,20260722T1336Z,morning,20.89,-0.12494554472035123,False,10-120,True,2026-07-22T14:15:00Z,23.8801,
HKPD,under120,20260722T1336Z,morning,0.3284,-0.13578947368421046,False,<1,True,2026-07-22T13:45:00Z,0.345,
HNGE,under120,20260722T1637Z,morning,78.92,-0.06437462951985765,False,10-120,False,,80.01,99.39
HODO,under120,20260722T1637Z,morning,1.03,-0.10434782608695643,False,1-3,True,2026-07-22T17:25:00Z,1.0998,
HPAI,under120,20260722T1637Z,morning,0.4265,-0.052432792712730526,False,<1,True,2026-07-22T19:35:00Z,0.48,
HQ,under120,20260722T1937Z,afternoon,14.99,-0.10185739964050335,False,10-120,False,,15.22,99.54
HUBS,120to500,20260722T1637Z,morning,204.69,-0.06346083455344072,False,120-500,False,,205.13,98.25
HYFM,under120,20260722T1637Z,morning,0.64,-0.055629334513796605,False,<1,False,,0.6666,101.93
HYNX,under120,20260722T1336Z,morning,26.17,-0.09163484901076005,False,10-120,True,2026-07-22T13:55:00Z,27.74,
IBEX,under120,20260722T1937Z,afternoon,32.89,-0.05867200915855745,False,10-120,False,,33.135,98.76
IBRX,under120,20260722T1637Z,morning,7.6602,-0.050780669144981486,False,3-10,False,,7.69,98.34
IBTA,under120,20260722T1937Z,afternoon,26.945,-0.07246127366609295,False,10-120,True,2026-07-22T19:55:00Z,27.51,
IIIV,under120,20260722T1937Z,afternoon,19.42,-0.0609284332688587,False,10-120,False,,19.66,99.24
IMOS,under120,20260722T1336Z,morning,61.86,-0.06272727272727274,False,10-120,True,2026-07-22T19:45:00Z,64.28,
IMRN,under120,20260722T1937Z,afternoon,1.1301,-0.07368852459016383,False,1-3,False,,1.145,98.71
INIO,under120,20260722T1336Z,morning,28.11,-0.07441554165294703,False,10-120,True,2026-07-22T14:05:00Z,29.83,
INMB,under120,20260722T1637Z,morning,1.86,-0.05583756345177659,False,1-3,False,,1.865,98.16
INTA,under120,20260722T1637Z,morning,26.32,-0.06334519572953741,False,10-120,False,,26.47,98.58
INTG,under120,20260722T1937Z,afternoon,34.0,-0.10124240021147234,False,10-120,False,,34.43,99.28
INTJ,under120,20260722T1637Z,morning,3.18,-0.050746268656716394,False,3-10,False,,3.2884,101.18
INTZ,under120,20260722T1937Z,afternoon,0.8117,-0.051198129748685046,False,<1,False,,0.8245,99.58
INUV,under120,20260722T1637Z,morning,0.98,-0.09259259259259267,False,<1,True,2026-07-22T17:20:00Z,1.08,
IOT,under120,20260722T1637Z,morning,33.73,-0.06487385639035219,False,10-120,False,,33.82,98.29
IOVA,under120,20260722T1637Z,morning,5.155,-0.05930656934306572,False,3-10,False,,5.205,98.95
IPW,under120,20260722T1637Z,morning,0.84115,-0.06538888888888897,False,<1,True,2026-07-22T19:30:00Z,0.865,
IVVD,under120,20260722T1637Z,morning,0.6387,-0.06307760011735357,False,<1,False,,0.6399,98.14
IZM,under120,20260722T1937Z,afternoon,0.2774,-0.10803858520900328,False,<1,True,2026-07-22T19:55:00Z,0.2833,
JDST,under120,20260722T1336Z,morning,37.57,-0.0872206025267249,False,10-120,True,2026-07-22T19:50:00Z,38.57,
JEM,under120,20260722T1336Z,morning,3.52,-0.053763440860215096,False,3-10,True,2026-07-22T18:40:00Z,3.6912,
JFIN,under120,20260722T1937Z,afternoon,2.29,-0.06910569105691054,False,1-3,False,,2.3,98.29
JG,under120,20260722T1637Z,morning,3.627,-0.06760925449871474,False,3-10,True,2026-07-22T16:40:00Z,3.915,
JLHL,under120,20260722T1336Z,morning,7.22,-0.06958762886597938,False,3-10,False,,7.3,99.05
JUNS,under120,20260722T1336Z,morning,0.1481,-0.12728344136711833,False,<1,True,2026-07-22T14:05:00Z,0.1568,
JZXN,under120,20260722T1336Z,morning,1.33,-0.310880829015544,False,1-3,True,2026-07-22T14:15:00Z,1.41,
KAPA,under120,20260722T1336Z,morning,0.3333,-0.06899441340782123,False,<1,False,,0.3389,99.68
KIDZ,under120,20260722T1336Z,morning,0.5214,-0.06892857142857156,False,<1,True,2026-07-22T13:45:00Z,0.5557,
KLAR,under120,20260722T1937Z,afternoon,17.8195,-0.06361008933263267,False,10-120,False,,17.915,98.54
KMLI,under120,20260722T1336Z,morning,9.05,-0.05142234241033047,False,3-10,True,2026-07-22T19:50:00Z,9.41,
KOPN,under120,20260722T1937Z,afternoon,3.72,-0.08374384236453189,False,3-10,False,,3.7668,99.13
KORU,under120,20260722T1336Z,morning,20.28,-0.0667280257708237,False,10-120,True,2026-07-22T14:20:00Z,21.44,
KPTI,under120,20260722T1637Z,morning,7.105,-0.09663064208518751,False,3-10,False,,7.4131,101.97
KVYO,under120,20260722T1637Z,morning,16.255,-0.0711428571428572,False,10-120,False,,16.3,98.25
KWM,under120,20260722T1937Z,afternoon,0.0983,-0.057526366251198516,False,<1,True,2026-07-22T19:45:00Z,0.1039,
LAB,under120,20260722T1637Z,morning,0.8303,-0.06085284470082565,False,<1,False,,0.8373,98.85
LASE,under120,20260722T1637Z,morning,1.045,-0.09130434782608694,False,1-3,False,,1.07,100.0
LAW,under120,20260722T1637Z,morning,3.815,-0.053349875930521165,False,3-10,False,,3.83,98.21
LBGJ,under120,20260722T1336Z,morning,0.0439,-0.2671118530884808,False,<1,True,2026-07-22T13:45:00Z,0.048,
LCID,under120,20260722T1937Z,afternoon,6.725,-0.08128415300546457,False,3-10,False,,6.83,99.56
LHAI,under120,20260722T1937Z,afternoon,0.96,-0.07692307692307698,False,<1,True,2026-07-22T19:45:00Z,0.98,
LICN,under120,20260722T1637Z,morning,0.9008,-0.21669565217391296,True,<1,True,2026-07-22T17:35:00Z,0.966,
LIF,under120,20260722T1637Z,morning,51.985,-0.05309653916211292,False,10-120,False,,52.42,98.85
LITB,under120,20260722T1937Z,afternoon,2.9301,-0.0771338582677165,False,1-3,True,2026-07-22T19:35:00Z,3.18,
LMND,under120,20260722T1637Z,morning,64.68,-0.0574176624890702,False,10-120,False,,64.75,98.14
LMNX,under120,20260722T1336Z,morning,16.36,-0.06356429409576153,False,10-120,False,,16.6,98.46
LNAI,under120,20260722T1937Z,afternoon,2.61,-0.05434782608695649,False,1-3,True,2026-07-22T19:45:00Z,2.6956,
LNOK,under120,20260722T1336Z,morning,37.7,-0.055019425993232236,False,10-120,False,,38.65,100.49
LUCY,under120,20260722T1637Z,morning,0.6911,-0.05328767123287662,False,<1,False,,0.6998,99.26
LXRX,under120,20260722T1937Z,afternoon,2.235,-0.06092436974789917,False,1-3,False,,2.275,99.78
MAAS,under120,20260722T1637Z,morning,17.85,-0.10705352676338155,False,10-120,False,,17.8782,98.18
MANH,120to500,20260722T1637Z,morning,149.335,-0.06149446958270485,False,120-500,False,,150.48,98.79
MASK,under120,20260722T1336Z,morning,1.4,-0.0789473684210527,False,1-3,True,2026-07-22T14:05:00Z,1.47,
MAX,under120,20260722T1937Z,afternoon,13.315,-0.061663143058491895,False,10-120,False,,13.37,98.38
MB,under120,20260722T1336Z,morning,3.6,-0.13253012048192778,False,3-10,True,2026-07-22T17:55:00Z,3.953,
MBX,under120,20260722T1637Z,morning,57.26,-0.050099535500995405,False,10-120,True,2026-07-22T19:30:00Z,58.86,
MCB,under120,20260722T1637Z,morning,89.93,-0.09225799939436749,False,10-120,True,2026-07-22T19:50:00Z,91.855,
MCHU,under120,20260722T1336Z,morning,16.13,-0.06275421266705414,False,10-120,False,,16.61,98.05
MDCX,under120,20260722T1336Z,morning,0.3627,-0.06448284756254828,False,<1,True,2026-07-22T19:30:00Z,0.376,
MED,under120,20260722T1937Z,afternoon,9.8988,-0.05904942965779467,False,3-10,False,,9.92,98.22
MF,under120,20260722T1336Z,morning,3.9499,-0.05278177458033572,False,3-10,True,2026-07-22T13:40:00Z,4.1977,
MGN,under120,20260722T1637Z,morning,0.0921,-0.0997067448680352,False,<1,True,2026-07-22T18:40:00Z,0.0957,
MGNX,under120,20260722T1937Z,afternoon,4.285,-0.05616740088105725,False,3-10,False,,4.31,98.4
MGRT,under120,20260722T1336Z,morning,80.05,-0.06907779974415627,False,10-120,True,2026-07-22T14:20:00Z,84.5,
MINE,under120,20260722T1937Z,afternoon,2.33,-0.05668016194331989,False,1-3,False,,2.365,99.37
MLEC,under120,20260722T1637Z,morning,7.5486,-0.10667455621301762,False,3-10,True,2026-07-22T16:35:00Z,7.95,
MLTX,under120,20260722T1637Z,morning,19.05,-0.05034895314057817,False,10-120,False,,19.23,98.92
MMYT,under120,20260722T1637Z,morning,52.97,-0.06231191361302891,False,10-120,False,,53.07,98.22
MNDO,under120,20260722T1937Z,afternoon,0.9503,-0.06833333333333332,False,<1,True,2026-07-22T19:45:00Z,0.9702,
MNKD,under120,20260722T1937Z,afternoon,3.835,-0.05308641975308639,False,3-10,False,,3.85,98.21
MOBI,under120,20260722T1937Z,afternoon,11.01,-0.08173477898248543,False,10-120,False,,11.16,99.29
MODD,under120,20260722T1336Z,morning,2.64,-0.05376344086021502,False,1-3,True,2026-07-22T15:15:00Z,2.8165,
MRLN,under120,20260722T1637Z,morning,3.555,-0.07180156657963443,False,3-10,False,,3.5599,98.07
MRT,under120,20260722T1637Z,morning,1.82,-0.08999999999999997,False,1-3,True,2026-07-22T16:55:00Z,1.9281,
MTNB,under120,20260722T1937Z,afternoon,0.265,-0.05492154065620532,False,<1,True,2026-07-22T19:55:00Z,0.2717,
MVIS,under120,20260722T1336Z,morning,0.3174,-0.06647058823529414,False,<1,False,,0.3199,98.73
MXCT,under120,20260722T1937Z,afternoon,1.125,-0.08536585365853658,False,1-3,True,2026-07-22T19:45:00Z,1.16,
MYPS,under120,20260722T1637Z,morning,0.7156,-0.06089238845144356,False,<1,False,,0.7225,98.97
MYSE,under120,20260722T1336Z,morning,2.3501,-0.09262548262548263,False,1-3,True,2026-07-22T14:10:00Z,2.5,
MYSZ,under120,20260722T1937Z,afternoon,0.384,-0.07179115300942712,False,<1,True,2026-07-22T19:55:00Z,0.42,
NABL,under120,20260722T1637Z,morning,4.365,-0.06929637526652455,False,3-10,False,,4.37,97.98
NAVN,under120,20260722T1336Z,morning,25.06,-0.05860255447032315,False,10-120,False,,25.41,99.37
NBHC,under120,20260722T1336Z,morning,43.05,-0.057368075322969225,False,10-120,False,,44.53,101.39
NBP,under120,20260722T1937Z,afternoon,1.725,-0.057377049180327856,False,1-3,False,,1.75,99.43
NCNO,under120,20260722T1937Z,afternoon,16.315,-0.0558449074074074,False,10-120,False,,16.63,99.88
NERV,under120,20260722T1637Z,morning,4.19,-0.06473214285714286,False,3-10,True,2026-07-22T18:20:00Z,4.36,
NICE,under120,20260722T1637Z,morning,89.16,-0.05279932008923828,False,10-120,False,,89.47,98.37
NIKI,under120,20260722T1637Z,morning,8.825,-0.07494758909853248,False,3-10,True,2026-07-22T17:15:00Z,9.3409,
NIXX,under120,20260722T1336Z,morning,0.85,-0.08798283261802582,False,<1,True,2026-07-22T15:10:00Z,0.8977,
NKTX,under120,20260722T1937Z,afternoon,2.425,-0.060077519379845054,False,1-3,False,,2.425,97.78
NMAD,under120,20260722T1637Z,morning,5.0,-0.07578558225508321,False,3-10,False,,5.14,100.78
NMTC,under120,20260722T1937Z,afternoon,1.9264,-0.06029268292682924,False,1-3,False,,1.965,99.75
NNOX,under120,20260722T1637Z,morning,1.025,-0.05092592592592607,False,1-3,False,,1.03,98.1
NOMA,under120,20260722T1937Z,afternoon,2.92,-0.05194805194805199,False,1-3,True,2026-07-22T19:55:00Z,3.085,
NOW,under120,20260722T1637Z,morning,96.405,-0.05540858318636097,False,10-120,False,,96.53,98.16
NOWL,under120,20260722T1336Z,morning,4.2773,-0.05369469026548657,False,3-10,False,,4.2812,97.97
NPB,under120,20260722T1336Z,morning,17.39,-0.07055050774986639,False,10-120,False,,17.41,98.14
NPCE,under120,20260722T1937Z,afternoon,14.64,-0.05304010349288488,False,10-120,False,,14.68,98.26
NRGD,under120,20260722T1336Z,morning,19.02,-0.05467196819085494,False,10-120,True,2026-07-22T19:55:00Z,19.89,
NRSN,under120,20260722T1637Z,morning,0.65,-0.07142857142857134,False,<1,False,,0.655,98.79
NSP,under120,20260722T1937Z,afternoon,48.25,-0.05595773821170024,False,10-120,False,,48.79,99.13
NTES,120to500,20260722T1336Z,morning,122.5,-0.0544191431879584,False,120-500,False,,123.09,98.51
NTSK,under120,20260722T1637Z,morning,12.07,-0.09452363090772692,False,10-120,False,,12.175,98.82
NUTX,120to500,20260722T1637Z,morning,159.36,-0.052950615082902455,False,120-500,False,,159.37,98.04
NVVE,under120,20260722T1637Z,morning,5.975,-0.15487977369165495,True,3-10,False,,6.15,100.82
NXTC,under120,20260722T1637Z,morning,4.765,-0.06751467710371832,False,3-10,False,,4.885,100.31
NXTS,under120,20260722T1637Z,morning,1.83,-0.1327014218009478,False,1-3,True,2026-07-22T18:55:00Z,1.98,
NXTT,under120,20260722T1937Z,afternoon,0.7631,-0.07165450121654496,False,<1,False,,0.7633,97.98
OCC,under120,20260722T1637Z,morning,16.26,-0.05189504373177826,False,10-120,False,,16.26,98.01
OESX,under120,20260722T1637Z,morning,10.11,-0.05514018691588784,False,10-120,True,2026-07-22T19:50:00Z,10.49,
OFAL,under120,20260722T1937Z,afternoon,0.1118,-0.06286672254819788,False,<1,False,,0.1132,98.43
OFIX,under120,20260722T1937Z,afternoon,11.0442,-0.050369733447979424,False,10-120,False,,11.065,98.18
OGEN,under120,20260722T1336Z,morning,0.5,-0.07407407407407414,False,<1,True,2026-07-22T14:05:00Z,0.5349,
OGG,under120,20260722T1637Z,morning,2.315,-0.08134920634920638,False,1-3,False,,2.315,97.68
OIO,under120,20260722T1637Z,morning,2.0,-0.07407407407407414,False,1-3,True,2026-07-22T18:15:00Z,2.1288,
OKLS,under120,20260722T1336Z,morning,29.28,-0.07224334600760449,False,10-120,True,2026-07-22T16:35:00Z,30.84,
OMDA,under120,20260722T1937Z,afternoon,21.83,-0.05045672031317965,False,10-120,False,,21.93,98.47
OMH,under120,20260722T1336Z,morning,0.38055,-0.5279121697059919,False,<1,False,,0.3997,101.96
ONFO,under120,20260722T1336Z,morning,0.1091,-0.13823064770932061,False,<1,True,2026-07-22T14:00:00Z,0.1193,
ONMD,under120,20260722T1937Z,afternoon,0.6118,-0.06352364916577373,False,<1,True,2026-07-22T19:40:00Z,0.6295,
OPTH,under120,20260722T1937Z,afternoon,4.51,-0.05052631578947373,False,3-10,False,,4.57,99.13
ORAC,under120,20260722T1336Z,morning,16.31,-0.10157046144354664,False,10-120,True,2026-07-22T14:30:00Z,18.37,
ORGO,under120,20260722T1637Z,morning,2.525,-0.05783582089552248,False,1-3,False,,2.525,97.87
ORIO,under120,20260722T1937Z,afternoon,0.636,-0.05159558604235008,False,<1,True,2026-07-22T19:40:00Z,0.655,
OSCX,under120,20260722T1336Z,morning,107.9,-0.06687375900263591,False,10-120,False,,110.45,97.48
OSS,under120,20260722T1937Z,afternoon,13.19,-0.05244252873563222,False,10-120,False,,13.2,98.07
OTLK,under120,20260722T1637Z,morning,1.3063,-0.08007042253521121,False,1-3,True,2026-07-22T19:35:00Z,1.3486,
OUSL,under120,20260722T1336Z,morning,17.77,-0.08476601530712106,False,10-120,True,2026-07-22T14:05:00Z,18.78,
PAR,under120,20260722T1937Z,afternoon,15.16,-0.05012531328320806,False,10-120,False,,15.42,99.68
PASW,under120,20260722T1637Z,morning,0.121,-0.17518745739604635,True,<1,True,2026-07-22T17:55:00Z,0.1274,
PATH,under120,20260722T1336Z,morning,11.4351,-0.05024086378737533,False,10-120,False,,11.51,98.63
PATX,under120,20260722T1336Z,morning,8.42,-0.10993657505285422,False,3-10,False,,8.469,98.59
PAVM,under120,20260722T1937Z,afternoon,4.69,-0.15342960288808657,True,3-10,True,2026-07-22T19:45:00Z,4.89,
PBM,under120,20260722T1937Z,afternoon,2.9478,-0.05215434083601283,False,1-3,False,,2.9799,99.0
PBYI,under120,20260722T1937Z,afternoon,8.05,-0.0617715617715617,False,3-10,False,,8.05,97.93
PCOR,under120,20260722T1637Z,morning,41.695,-0.05922833935018051,False,10-120,False,,41.85,98.4
PD,under120,20260722T1937Z,afternoon,8.895,-0.05271565495207678,False,3-10,False,,8.9,98.02
PEGA,under120,20260722T1336Z,morning,27.305,-0.11748545572074988,False,10-120,False,,27.48,98.64
PEPG,under120,20260722T1637Z,morning,1.97,-0.07075471698113213,False,1-3,False,,1.99,99.0
PETZ,under120,20260722T1637Z,morning,1.1001,-0.05974358974358962,False,1-3,True,2026-07-22T17:15:00Z,1.1999,
PFSA,under120,20260722T1637Z,morning,1.8902,-0.05489999999999995,False,1-3,True,2026-07-22T19:55:00Z,1.93,
PHGE,under120,20260722T1637Z,morning,0.1959,-0.06714285714285716,False,<1,True,2026-07-22T19:40:00Z,0.2015,
PHOE,under120,20260722T1637Z,morning,24.13,-0.09285714285714294,False,10-120,False,,25.025,101.65
PHR,under120,20260722T1937Z,afternoon,9.98,-0.05849056603773578,False,3-10,False,,10.03,98.53
PLAY,under120,20260722T1937Z,afternoon,10.02,-0.060037523452157654,False,10-120,True,2026-07-22T19:55:00Z,10.24,
PLTA,under120,20260722T1336Z,morning,11.62,-0.05465432239379107,False,10-120,False,,11.6201,97.98
PLTG,under120,20260722T1336Z,morning,10.77,-0.054433713784021155,False,10-120,False,,10.86,98.82
PLTK,under120,20260722T1637Z,morning,3.905,-0.05447941888619857,False,3-10,False,,3.905,97.87
PLTR,120to500,20260722T1937Z,afternoon,124.1,-0.06452585557063172,False,120-500,False,,124.73,98.53
PLTU,under120,20260722T1336Z,morning,30.35,-0.052154903185509104,False,10-120,False,,30.6029,98.85
PMI,under120,20260722T1336Z,morning,0.095,-0.21161825726141076,True,<1,False,,0.0956,95.6
POEL,under120,20260722T1336Z,morning,11.35,-0.09633757961783446,False,10-120,True,2026-07-22T13:55:00Z,12.0,
POET,under120,20260722T1937Z,afternoon,7.68,-0.08243727598566303,False,3-10,False,,7.69,98.09
POM,under120,20260722T1637Z,morning,0.8405,-0.06714761376248612,False,<1,True,2026-07-22T18:20:00Z,0.8784,
PPHC,under120,20260722T1637Z,morning,8.585,-0.05451541850220255,False,3-10,False,,8.734,99.7
PRCH,under120,20260722T1937Z,afternoon,12.29,-0.06539923954372633,False,10-120,False,,12.3,98.09
PRTS,under120,20260722T1637Z,morning,4.52,-0.06804123711340208,False,3-10,False,,4.6,99.57
PTC,under120,20260722T1637Z,morning,113.7,-0.05854102840109293,False,10-120,False,,114.3,98.55
PTIR,under120,20260722T1336Z,morning,11.31,-0.053556485355648435,False,10-120,False,,11.4,98.79
PTN,under120,20260722T1637Z,morning,8.1,-0.06032482598607884,False,3-10,False,,8.25,99.76
PTRN,under120,20260722T1937Z,afternoon,24.805,-0.05504761904761906,False,10-120,False,,24.9,98.38
PVEX,under120,20260722T1336Z,morning,26.55,-0.12796140038560203,False,10-120,True,2026-07-22T14:05:00Z,30.5,
PXED,under120,20260722T1637Z,morning,28.475,-0.05335771276595735,False,10-120,True,2026-07-22T19:35:00Z,29.08,
QH,under120,20260722T1336Z,morning,4.86,-0.12115732368896924,False,3-10,True,2026-07-22T19:25:00Z,5.125,
QMLS,under120,20260722T1336Z,morning,6.44,-0.05433186490455202,False,3-10,True,2026-07-22T14:15:00Z,7.7,
QNT,under120,20260722T1937Z,afternoon,55.23,-0.057186753158074456,False,10-120,False,,55.4699,98.46
QNTM,under120,20260722T1336Z,morning,2.85,-0.056291390728476796,False,1-3,True,2026-07-22T14:00:00Z,3.0372,
QTEX,under120,20260722T1336Z,morning,0.93,-0.21186440677966092,True,<1,False,,0.9501,100.12
QTWO,under120,20260722T1637Z,morning,52.18,-0.05368153790351833,False,10-120,False,,53.03,99.62
RAM,under120,20260722T1336Z,morning,14.0114,-0.06715046604527294,False,10-120,True,2026-07-22T14:15:00Z,14.75,
RAY,under120,20260722T1937Z,afternoon,2.825,-0.06146179401993343,False,1-3,True,2026-07-22T19:40:00Z,2.9999,
RBBN,under120,20260722T1937Z,afternoon,2.155,-0.050660792951541946,False,1-3,False,,2.16,98.18
RBNE,under120,20260722T1637Z,morning,4.53,-0.05230125523012552,False,3-10,False,,4.575,98.81
RCAT,under120,20260722T1637Z,morning,8.12,-0.05471478463329461,False,3-10,False,,8.13,98.07
RCAX,under120,20260722T1336Z,morning,3.47,-0.0560391730141458,False,3-10,False,,3.62,101.97
RCON,under120,20260722T1336Z,morning,0.3971,-0.0750058234334964,False,<1,True,2026-07-22T14:35:00Z,0.418,
RCT,under120,20260722T1336Z,morning,0.224,-0.06471816283924837,False,<1,False,,0.2281,99.61
RDAC,under120,20260722T1336Z,morning,6.01,-0.10365398956002987,False,3-10,True,2026-07-22T13:40:00Z,6.4,
RDDT,120to500,20260722T1336Z,morning,169.9121,-0.08570759793370639,False,120-500,False,,171.6814,99.05
RDGT,under120,20260722T1336Z,morning,1.35,-0.08163265306122441,False,1-3,True,2026-07-22T14:30:00Z,1.4501,
RDTL,under120,20260722T1336Z,morning,19.24,-0.16925734024179628,False,10-120,False,,19.66,100.15
RDVT,under120,20260722T1937Z,afternoon,62.8525,-0.05385368056600944,False,10-120,False,,63.31,98.75
RDY,under120,20260722T1637Z,morning,11.57,-0.07882165605095542,False,10-120,False,,11.745,99.45
RDYY,under120,20260722T1336Z,morning,18.839,-0.0682987141444115,False,10-120,False,,18.89,98.28
REAX,under120,20260722T1637Z,morning,1.8992,-0.0504,False,1-3,False,,1.935,99.74
RECT,under120,20260722T1336Z,morning,1.2,-0.05882352941176468,False,1-3,True,2026-07-22T14:05:00Z,1.287,
RITR,under120,20260722T1637Z,morning,0.1402,-0.08723958333333331,False,<1,True,2026-07-22T16:55:00Z,0.1497,
RJET,under120,20260722T1937Z,afternoon,16.57,-0.06172140430351075,False,10-120,False,,16.67,98.58
RKLZ,under120,20260722T1336Z,morning,4.48,-0.05882352941176457,False,3-10,True,2026-07-22T13:40:00Z,4.74,
RLMD,under120,20260722T1637Z,morning,5.015,-0.05377358490566041,False,3-10,False,,5.025,98.14
RMIX,under120,20260722T1937Z,afternoon,18.04,-0.06431535269709554,False,10-120,False,,18.4,99.95
RNG,under120,20260722T1937Z,afternoon,37.31,-0.056875631951466124,False,10-120,False,,37.79,99.29
RNTX,under120,20260722T1937Z,afternoon,0.835,-0.06683057666517665,False,<1,False,,0.8505,99.82
RPD,under120,20260722T1637Z,morning,9.81,-0.07540056550424118,False,3-10,False,,9.94,99.3
RSI,under120,20260722T1937Z,afternoon,31.29,-0.0701337295690936,False,10-120,False,,31.64,99.12
RTB,under120,20260722T1937Z,afternoon,14.7,-0.08296943231441059,False,10-120,False,,14.995,99.97
RXT,under120,20260722T1937Z,afternoon,4.16,-0.052391799544419033,False,3-10,False,,4.17,98.12
SAFX,under120,20260722T1937Z,afternoon,0.4062,-0.06642151229602386,False,<1,True,2026-07-22T19:45:00Z,0.4185,
SCLX,under120,20260722T1637Z,morning,7.44,-0.05102040816326524,False,3-10,False,,7.44,98.02
SDOT,under120,20260722T1336Z,morning,20.25,-0.07365050320219577,False,10-120,True,2026-07-22T16:30:00Z,22.5,
SEGG,under120,20260722T1937Z,afternoon,0.6602,-0.10650967654621733,False,<1,False,,0.6651,98.68
SERA,under120,20260722T1637Z,morning,2.15,-0.05286343612334806,False,1-3,False,,2.17,98.64
SG,under120,20260722T1937Z,afternoon,6.3,-0.07216494845360828,False,3-10,False,,6.355,98.83
SGHC,under120,20260722T1937Z,afternoon,14.52,-0.06863373957665173,False,10-120,False,,14.55,98.18
SGLY,under120,20260722T1336Z,morning,0.2441,-0.0802562170308968,False,<1,True,2026-07-22T13:55:00Z,0.2654,
SGRP,under120,20260722T1937Z,afternoon,0.295,-0.42168202313271913,False,<1,False,,0.2999,99.63
SGRY,under120,20260722T1937Z,afternoon,15.47,-0.05092024539877301,False,10-120,False,,15.48,98.1
SHPH,under120,20260722T1336Z,morning,3.08,-0.08059701492537313,False,3-10,True,2026-07-22T14:15:00Z,3.2499,
SIGA,under120,20260722T1937Z,afternoon,3.385,-0.05446927374301684,False,3-10,False,,3.39,97.98
SILC,under120,20260722T1937Z,afternoon,43.805,-0.06399572649572645,False,10-120,False,,44.12,98.72
SIMX,under120,20260722T1336Z,morning,16.5,-0.06866480399627466,False,10-120,True,2026-07-22T13:50:00Z,17.39,
SK,under120,20260722T1336Z,morning,26.16,-0.08745247148288977,False,10-120,True,2026-07-22T13:55:00Z,27.5001,
SKHL,under120,20260722T1336Z,morning,10.14,-0.08812949640287758,False,10-120,True,2026-07-22T13:55:00Z,10.72,
SKHU,under120,20260722T1336Z,morning,20.81,-0.09007433318758208,False,10-120,True,2026-07-22T13:55:00Z,22.0,
SKHX,under120,20260722T1336Z,morning,15.745,-0.08777520278099665,False,10-120,True,2026-07-22T13:55:00Z,16.625,
SKK,under120,20260722T1336Z,morning,4.84,-0.0745697896749523,False,3-10,True,2026-07-22T19:30:00Z,5.09,
SKUU,under120,20260722T1336Z,morning,26.2,-0.08327501749475154,False,10-120,True,2026-07-22T13:55:00Z,27.67,
SLBT,under120,20260722T1637Z,morning,3.46,-0.07978723404255315,False,3-10,True,2026-07-22T19:50:00Z,3.62,
SLGB,under120,20260722T1336Z,morning,0.7223,-0.26288396775181133,False,<1,True,2026-07-22T14:05:00Z,0.7933,
SLGL,under120,20260722T1937Z,afternoon,84.41,-0.0593938043236015,False,10-120,False,,85.04,98.77
SLND,under120,20260722T1336Z,morning,0.7505,-0.06468095712861423,False,<1,True,2026-07-22T13:40:00Z,0.7985,
SLS,under120,20260722T1637Z,morning,11.985,-0.0709302325581396,False,10-120,False,,12.2296,100.0
SMCZ,under120,20260722T1336Z,morning,7.405,-0.32742960944595817,False,3-10,False,,7.58,100.26
SMWB,under120,20260722T1937Z,afternoon,6.29,-0.05413533834586471,False,3-10,False,,6.32,98.44
SMX,under120,20260722T1637Z,morning,18.6099,-0.08325615763546802,False,10-120,True,2026-07-22T17:05:00Z,19.99,
SNDC,under120,20260722T1336Z,morning,9.1,-0.06570841889117049,False,3-10,True,2026-07-22T13:50:00Z,9.575,
SNDG,under120,20260722T1336Z,morning,10.28,-0.08459483526268932,False,10-120,True,2026-07-22T13:50:00Z,10.959,
SNDU,under120,20260722T1336Z,morning,26.125,-0.08075299085151308,False,10-120,True,2026-07-22T13:50:00Z,27.7925,
SNOU,under120,20260722T1336Z,morning,43.376,-0.06295096133074102,False,10-120,True,2026-07-22T17:30:00Z,45.525,
SNXX,under120,20260722T1336Z,morning,16.425,-0.07828282828282826,False,10-120,True,2026-07-22T13:50:00Z,17.4899,
SOBR,under120,20260722T1637Z,morning,0.59,-0.13107511045655387,False,<1,False,,0.6157,101.94
SPCX,under120,20260722T1937Z,afternoon,116.45,-0.057390318925044544,False,10-120,False,,116.72,98.27
SPRO,under120,20260722T1637Z,morning,1.305,-0.05434782608695649,False,1-3,False,,1.3095,97.72
SPT,under120,20260722T1637Z,morning,7.65,-0.06934306569343068,False,3-10,False,,7.66,98.08
SPWR,under120,20260722T1937Z,afternoon,0.57775,-0.12515142337976984,False,<1,True,2026-07-22T19:55:00Z,0.5906,
SRG,under120,20260722T1637Z,morning,2.335,-0.06600000000000002,False,1-3,True,2026-07-22T19:50:00Z,2.408,
SRHR,under120,20260722T1336Z,morning,58.19,-0.05211031292251063,False,10-120,True,2026-07-22T14:05:00Z,61.265,
SRRK,under120,20260722T1637Z,morning,47.81,-0.06033805031446541,False,10-120,True,2026-07-22T18:30:00Z,49.38,
SRXH,under120,20260722T1336Z,morning,1.82,-0.09900990099009899,False,1-3,True,2026-07-22T16:00:00Z,1.92,
STAK,under120,20260722T1637Z,morning,1.26,-0.12499999999999996,False,1-3,True,2026-07-22T19:50:00Z,1.29,
STFS,under120,20260722T1637Z,morning,6.29,-0.16688741721854303,True,3-10,False,,6.29,97.98
STI,under120,20260722T1937Z,afternoon,6.56,-0.06685633001422484,False,3-10,False,,6.6923,99.89
SURG,under120,20260722T1637Z,morning,0.28,-0.053094352384173114,False,<1,False,,0.285,99.65
SVCO,under120,20260722T1937Z,afternoon,8.33,-0.05555555555555558,False,3-10,False,,8.33,98.0
SWMR,under120,20260722T1336Z,morning,43.87,-0.050021654395842406,False,10-120,False,,44.26,98.91
SXTC,under120,20260722T1336Z,morning,1.9301,-0.27981343283582094,False,1-3,True,2026-07-22T13:35:00Z,2.0813,
TCI,under120,20260722T1937Z,afternoon,40.02,-0.05968045112781953,False,10-120,False,,40.02,98.02
TCRT,under120,20260722T1937Z,afternoon,1.98,-0.05263157894736836,False,1-3,False,,1.98,98.02
TDOC,under120,20260722T1637Z,morning,9.065,-0.0664263645726057,False,3-10,False,,9.065,98.0
TDUP,under120,20260722T1937Z,afternoon,5.88,-0.08553654743390356,False,3-10,True,2026-07-22T19:55:00Z,6.07,
TEAM,under120,20260722T1937Z,afternoon,85.21,-0.05949227373068434,False,10-120,False,,85.94,98.87
TEL,120to500,20260722T1336Z,morning,195.555,-0.06437491029137354,False,120-500,True,2026-07-22T19:50:00Z,199.76,
TENB,under120,20260722T1637Z,morning,32.25,-0.053974772660604374,False,10-120,True,2026-07-22T19:55:00Z,32.95,
TENX,under120,20260722T1637Z,morning,14.85,-0.055343511450381744,False,10-120,False,,14.89,98.28
TGL,under120,20260722T1637Z,morning,3.36,-0.0614525139664805,False,3-10,False,,3.4,99.13
TLSA,under120,20260722T1937Z,afternoon,0.9346,-0.06540000000000001,False,<1,True,2026-07-22T19:40:00Z,0.9654,
TLX,under120,20260722T1637Z,morning,10.365,-0.050824175824175796,False,10-120,False,,10.39,98.2
TMCI,under120,20260722T1937Z,afternoon,3.96,-0.06382978723404266,False,3-10,False,,3.97,98.27
TNXP,under120,20260722T1637Z,morning,10.89,-0.05795847750865051,False,10-120,False,,11.03,99.28
TOMZ,under120,20260722T1937Z,afternoon,1.7294,-0.06010869565217393,False,1-3,True,2026-07-22T19:55:00Z,1.82,
TOP,under120,20260722T1637Z,morning,2.09,-0.06278026905829602,False,1-3,True,2026-07-22T17:35:00Z,2.18,
TOPP,under120,20260722T1637Z,morning,0.66,-0.06661009758167151,False,<1,False,,0.6641,95.69
TRAW,under120,20260722T1336Z,morning,0.57,-0.0603363006923839,False,<1,False,,0.5702,97.97
TRIB,under120,20260722T1336Z,morning,0.32,-0.10788960133816562,False,<1,False,,0.33,100.92
TRNR,under120,20260722T1637Z,morning,3.06,-0.061349693251533666,False,3-10,False,,3.1,99.04
TRUP,under120,20260722T1937Z,afternoon,24.52,-0.051450676982591946,False,10-120,False,,24.75,98.92
TSEG,under120,20260722T1336Z,morning,9.6101,-0.07238416988416992,False,3-10,True,2026-07-22T13:55:00Z,10.15,
TTAN,under120,20260722T1637Z,morning,67.93,-0.0689418859649121,False,10-120,True,2026-07-22T19:45:00Z,69.545,
TTEC,under120,20260722T1937Z,afternoon,1.945,-0.05352798053527985,False,1-3,False,,1.975,99.25
TWLO,120to500,20260722T1637Z,morning,184.21,-0.06120680868413001,False,120-500,False,,185.1,98.51
TWSC,under120,20260722T1336Z,morning,20.99,-0.0930185328418898,False,10-120,True,2026-07-22T14:25:00Z,22.5,
TXXH,under120,20260722T1336Z,morning,38.16,-0.05660610585492608,False,10-120,False,,38.85,98.83
TYL,120to500,20260722T1937Z,afternoon,283.295,-0.054864215653566396,False,120-500,False,,284.51,98.46
UPB,under120,20260722T1637Z,morning,6.605,-0.053724928366762174,False,3-10,False,,6.665,98.89
UPC,under120,20260722T1637Z,morning,3.9,-0.08018867924528308,False,3-10,True,2026-07-22T17:25:00Z,4.26,
UPLD,under120,20260722T1336Z,morning,4.3701,-0.06820895522388071,False,3-10,True,2026-07-22T13:40:00Z,4.6,
VBIO,under120,20260722T1637Z,morning,0.2877,-0.07491961414790993,False,<1,False,,0.29,98.64
VEEE,under120,20260722T1336Z,morning,24.01,-0.08533333333333327,False,10-120,False,,24.9251,101.74
VELO,under120,20260722T1937Z,afternoon,10.5002,-0.0732391879964696,False,10-120,False,,10.57,98.6
VERX,under120,20260722T1637Z,morning,11.23,-0.08550488599348526,False,10-120,False,,11.27,98.34
VHUB,under120,20260722T1937Z,afternoon,0.79,-0.11553963278101205,False,<1,True,2026-07-22T19:55:00Z,0.8765,
VIA,under120,20260722T1637Z,morning,16.98,-0.060840707964601656,False,10-120,True,2026-07-22T19:55:00Z,17.54,
VIVK,under120,20260722T1336Z,morning,2.0838,-0.19232558139534883,True,1-3,False,,2.11,99.06
VNRX,under120,20260722T1637Z,morning,1.035,-0.06756756756756772,False,1-3,False,,1.06,100.0
VOR,under120,20260722T1637Z,morning,19.0,-0.0523690773067332,False,10-120,True,2026-07-22T19:25:00Z,19.5739,
VRAX,under120,20260722T1937Z,afternoon,3.66,-0.05670103092783499,False,3-10,False,,3.66,97.86
VRM,under120,20260722T1637Z,morning,7.31,-0.05064935064935072,False,3-10,False,,7.37,97.88
VRTL,under120,20260722T1336Z,morning,39.63,-0.055303933253873665,False,10-120,True,2026-07-22T18:35:00Z,41.29,
VSEE,under120,20260722T1637Z,morning,0.0817,-0.09723756906077351,False,<1,False,,0.0818,97.38
VTAK,under120,20260722T1336Z,morning,0.4096,-0.1706823243571573,True,<1,False,,0.4096,97.99
WATT,under120,20260722T1937Z,afternoon,15.57,-0.058645707376057975,False,10-120,False,,15.57,97.99
WBTN,under120,20260722T1637Z,morning,9.515,-0.08067632850241538,False,3-10,False,,9.63,99.18
WBX,under120,20260722T1637Z,morning,3.79,-0.0800970873786408,False,3-10,False,,3.81,98.45
WDAY,120to500,20260722T1937Z,afternoon,132.44,-0.06184033434865758,False,120-500,False,,132.8,98.3
WEAV,under120,20260722T1637Z,morning,6.165,-0.09338235294117644,False,3-10,False,,6.225,98.97
WETO,under120,20260722T1336Z,morning,0.1499,-0.8126249999999999,False,<1,True,2026-07-22T13:35:00Z,0.1669,
WFF,under120,20260722T1336Z,morning,2.26,-0.05439330543933068,False,1-3,False,,2.33,100.87
WIX,under120,20260722T1937Z,afternoon,48.52,-0.050860719874804276,False,10-120,False,,48.78,98.55
WK,under120,20260722T1637Z,morning,51.99,-0.05403930131004365,False,10-120,False,,52.25,98.53
WKSP,under120,20260722T1637Z,morning,0.6199,-0.0666967780788919,False,<1,False,,0.63,99.53
WNW,under120,20260722T1336Z,morning,2.48,-0.07462686567164185,False,1-3,True,2026-07-22T14:30:00Z,2.6494,
WOLF,under120,20260722T1937Z,afternoon,29.66,-0.06523794516230698,False,10-120,False,,29.76,98.35
WYHG,under120,20260722T1637Z,morning,3.51,-0.06149732620320867,False,3-10,False,,3.51,96.96
WYY,under120,20260722T1637Z,morning,11.0987,-0.08502061005770829,False,10-120,True,2026-07-22T19:30:00Z,11.395,
XCH,under120,20260722T1336Z,morning,0.5601,-0.08255528255528255,False,<1,True,2026-07-22T13:45:00Z,0.6101,
XCUR,under120,20260722T1637Z,morning,1.82,-0.05699481865284968,False,1-3,False,,1.82,97.85
XMTR,under120,20260722T1937Z,afternoon,98.95,-0.056270863137815846,False,10-120,False,,99.565,98.65
XTLB,under120,20260722T1336Z,morning,2.7,-0.07534246575342457,False,1-3,False,,2.745,96.65
XXII,under120,20260722T1937Z,afternoon,4.1987,-0.0690037473114704,False,3-10,False,,4.265,99.42
YAAS,under120,20260722T1336Z,morning,0.7512,-0.07098689092258224,False,<1,False,,0.7841,101.96
YDES,under120,20260722T1637Z,morning,2.155,-0.050660792951541946,False,1-3,True,2026-07-22T19:50:00Z,2.225,
YDKG,under120,20260722T1336Z,morning,0.9777,-0.06885714285714288,False,<1,False,,1.0,100.0
YMAT,under120,20260722T1937Z,afternoon,2.17,-0.05652173913043474,False,1-3,False,,2.17,97.75
YMT,under120,20260722T1637Z,morning,0.445,-0.06728149234961227,False,<1,True,2026-07-22T17:25:00Z,0.484,
YOU,under120,20260722T1937Z,afternoon,52.855,-0.07108963093145873,False,10-120,False,,52.9299,98.16
YOUL,under120,20260722T1336Z,morning,0.56,-0.08106334099113882,False,<1,True,2026-07-22T16:25:00Z,0.5938,
YSXT,under120,20260722T1336Z,morning,0.7913,-0.06188500296384117,False,<1,True,2026-07-22T18:05:00Z,0.83,
YXT,under120,20260722T1336Z,morning,2.79,-0.13622291021671826,False,1-3,True,2026-07-22T13:45:00Z,3.23,
ZBAO,under120,20260722T1336Z,morning,0.1629,-0.10000000000000003,False,<1,True,2026-07-22T13:40:00Z,0.1753,
ZETA,under120,20260722T1937Z,afternoon,20.04,-0.05427088249174149,False,10-120,False,,20.19,98.73
ZNB,under120,20260722T1336Z,morning,0.33,-0.12140575079872198,False,<1,False,,0.3335,98.96
ZNTL,under120,20260722T1637Z,morning,4.515,-0.09880239520958087,False,3-10,False,,4.56,98.92
ZSQR,under120,20260722T1937Z,afternoon,4.95,-0.07129455909943713,False,3-10,True,2026-07-22T19:50:00Z,5.05,
ZYBT,under120,20260722T1336Z,morning,2.06,-0.2771929824561404,False,1-3,True,2026-07-22T13:35:00Z,2.17,
