symbol,source_list,first_seen_timestamp,time_bucket,first_seen_price,pct_change_at_first_seen,in_experiment_bracket,decline_bucket,price_bucket,simulated,closed,closed_at,decay_close_roi_pct,peak_price_reached,pct_of_target_reached_if_not_closed,liquidation_triggered,liquidation_exit_price,liquidation_roi_pct,eod_sell_price,eod_sell_roi_pct
FLZH,under120,2026-08-24T13:38:00Z,morning,0.28,-0.7113104443757088,False,other_price_or_range,<1,False,,,,,,,,,,
AAOG,under120,2026-08-24T13:38:00Z,morning,2.3659,-0.3316666666666667,False,other_price_or_range,1-3,False,,,,,,,,,,
AAOX,under120,2026-08-24T13:38:00Z,morning,10.62,-0.330390920554855,False,other_price_or_range,10-120,False,,,,,,,,,,
DFNS,under120,2026-08-24T13:38:00Z,morning,14.04,-0.31877729257641924,False,other_price_or_range,10-120,False,,,,,,,,,,
KNRX,under120,2026-08-24T13:38:00Z,morning,0.392,-0.24615384615384614,True,in_bracket,<1,True,True,2026-08-24T14:35:00Z,5.102040816326521,0.415,,False,,,0.4023,2.627551020408157
RFAI,under120,2026-08-24T13:38:00Z,morning,44.14,-0.2389655172413793,False,other_price_or_range,10-120,False,,,,,,,,,,
AMCI,under120,2026-08-24T13:38:00Z,morning,5.05,-0.22307692307692312,True,in_bracket,3-10,True,False,,,5.24,101.55038759689923,False,,,4.83,-4.356435643564352
ADIL,under120,2026-08-24T13:38:00Z,morning,4.88,-0.21480289621882542,True,in_bracket,3-10,True,True,2026-08-24T13:40:00Z,5.122950819672131,5.2,,False,,,5.435,11.372950819672125
KAPA,under120,2026-08-24T13:38:00Z,morning,0.2298,-0.20758620689655166,True,in_bracket,<1,True,True,2026-08-24T19:25:00Z,3.1331592689294965,0.2398,,True,0.229,-0.3481288076588317,0.2355,2.4804177545691832
RGNX,under120,2026-08-24T13:38:00Z,morning,8.5,-0.207089552238806,True,in_bracket,3-10,True,False,,,8.5,98.0392156862745,True,8.22,-3.2941176470588163,8.05,-5.294117647058815
AXTL,under120,2026-08-24T13:38:00Z,morning,2.62,-0.195084485407066,True,in_bracket,1-3,True,True,2026-08-24T14:35:00Z,5.3435114503816665,2.76,,False,,,2.75,4.961832061068698
AXTX,under120,2026-08-24T13:38:00Z,morning,6.765,-0.19175627240143364,True,in_bracket,3-10,True,True,2026-08-24T14:35:00Z,5.099778270509987,7.1375,,False,,,7.115,5.173688100517377
AIXC,under120,2026-08-24T13:38:00Z,morning,0.9251,-0.1740178571428572,True,in_bracket,<1,True,True,2026-08-24T17:20:00Z,5.069722192195432,0.9798,,False,,,0.9303,0.562101394443842
AKAF,under120,2026-08-24T13:38:00Z,morning,28.0,-0.17116605096144744,False,other_price_or_range,10-120,False,,,,,,,,,,
AAOI,under120,2026-08-24T13:38:00Z,morning,104.225,-0.1649975965390162,False,other_price_or_range,10-120,False,,,,,,,,,,
NUR,under120,2026-08-24T13:38:00Z,morning,2.1172,-0.1564940239043824,True,in_bracket,1-3,True,True,2026-08-24T13:50:00Z,7.217079161156247,2.315,,False,,,2.07,-2.229359531456647
SMTK,under120,2026-08-24T13:38:00Z,morning,3.73,-0.1541950113378685,True,in_bracket,3-10,True,True,2026-08-24T15:35:00Z,5.093833780160857,3.95,,False,,,3.8005,1.890080428954424
ASTT,under120,2026-08-24T13:38:00Z,morning,19.37,-0.14519730629032396,False,other_price_or_range,10-120,False,,,,,,,,,,
AXTC,under120,2026-08-24T13:38:00Z,morning,16.9,-0.14401774770303,False,other_price_or_range,10-120,False,,,,,,,,,,
AZTA,under120,2026-08-24T13:38:00Z,morning,32.15,-0.14037433155080214,False,other_price_or_range,10-120,False,,,,,,,,,,
MGRX,under120,2026-08-24T13:38:00Z,morning,0.3641,-0.13720379146919434,True,in_bracket,<1,True,True,2026-08-24T18:05:00Z,4.092282340016486,0.385,,False,,,0.38,4.366932161494102
ITOC,under120,2026-08-24T13:38:00Z,morning,0.2543,-0.1282139184093246,True,in_bracket,<1,True,True,2026-08-24T17:05:00Z,7.353519465198581,0.2785,,False,,,0.2699,6.134486826582755
ZKH,under120,2026-08-24T13:38:00Z,morning,2.5316,-0.12703448275862064,True,in_bracket,1-3,True,True,2026-08-24T13:40:00Z,8.62695528519513,2.7998,,False,,,3.002,18.581134460420277
SUGP,under120,2026-08-24T13:38:00Z,morning,1.4001,-0.12493750000000012,True,in_bracket,1-3,True,False,,,1.4751,101.73103448275862,False,,,1.32,-5.721019927148049
EJH,under120,2026-08-24T13:38:00Z,morning,1.11,-0.11904761904761897,True,in_bracket,1-3,True,True,2026-08-24T13:40:00Z,5.40540540540539,1.17,,False,,,1.29,16.21621621621621
AEHG,under120,2026-08-24T13:38:00Z,morning,9.05,-0.117933723196881,True,in_bracket,3-10,True,True,2026-08-24T18:15:00Z,4.0883977900552395,9.4653,,False,,,9.13,0.8839779005524869
RDAC,under120,2026-08-24T13:38:00Z,morning,5.93,-0.11624441132637858,True,in_bracket,3-10,True,True,2026-08-24T13:55:00Z,5.059021922428343,6.27,,False,,,5.9,-0.5059021922428223
VHUB,under120,2026-08-24T13:38:00Z,morning,0.7219,-0.11499325732499693,True,in_bracket,<1,True,True,2026-08-24T14:15:00Z,8.602299487463643,0.799,,False,,,0.8116,12.425543704114144
SNSC,under120,2026-08-24T13:38:00Z,morning,1.576,-0.10960451977401127,True,in_bracket,1-3,True,True,2026-08-24T17:05:00Z,5.329949238578671,1.66,,False,,,1.75,11.040609137055833
MGN,under120,2026-08-24T13:38:00Z,morning,0.093,-0.10748560460652593,True,in_bracket,<1,True,True,2026-08-24T13:55:00Z,5.37634408602151,0.098,,False,,,0.1035,11.290322580645157
SKK,under120,2026-08-24T13:38:00Z,morning,4.8,-0.1061452513966481,True,in_bracket,3-10,True,False,,,4.9555,101.13265306122447,False,,,4.6,-4.1666666666666705
APUS,under120,2026-08-24T13:38:00Z,morning,4.34,-0.10330578512396695,True,in_bracket,3-10,True,True,2026-08-24T13:45:00Z,7.142857142857155,4.74,,False,,,4.65,7.142857142857155
TMS,under120,2026-08-24T13:38:00Z,morning,6.59,-0.10217983651226158,True,in_bracket,3-10,True,True,2026-08-24T14:35:00Z,7.587253414264036,7.23,,False,,,6.132,-6.94992412746586
UCAR,under120,2026-08-24T13:38:00Z,morning,0.5474,-0.09952294785326533,False,shallow_outside,<1,True,True,2026-08-24T18:35:00Z,3.0325173547679847,0.57,,False,,,0.5953,8.750456704420909
ASTG,under120,2026-08-24T13:38:00Z,morning,9.47,-0.0963740458015267,False,shallow_outside,3-10,True,False,,,9.47,98.03312629399586,True,9.04,-4.540654699049647,8.695,-8.18373812038015
AXTI,under120,2026-08-24T13:38:00Z,morning,64.04,-0.0947130336443312,False,other_price_or_range,10-120,False,,,,,,,,,,
AIAI,under120,2026-08-24T13:38:00Z,morning,5.995,-0.09441087613293052,False,shallow_outside,3-10,True,False,,,6.29,101.94489465153971,False,,,5.309,-11.442869057547956
BMGL,under120,2026-08-24T13:38:00Z,morning,4.8,-0.09433962264150944,False,shallow_outside,3-10,False,,,,,,,,,,
ASTX,under120,2026-08-24T13:38:00Z,morning,12.71,-0.09408410548823938,False,other_price_or_range,10-120,False,,,,,,,,,,
JXG,under120,2026-08-24T13:38:00Z,morning,7.2494,-0.09382500000000005,False,shallow_outside,3-10,True,True,2026-08-24T14:25:00Z,5.112147212183085,7.65,,False,,,7.595,4.767291086158856
UMAC,under120,2026-08-24T13:38:00Z,morning,24.87,-0.09332847247539186,False,other_price_or_range,10-120,False,,,,,,,,,,
AMZE,under120,2026-08-24T13:38:00Z,morning,0.1706,-0.09303561935140876,False,shallow_outside,<1,True,True,2026-08-24T19:35:00Z,3.1652989449003446,0.1788,,False,,,0.1764,3.3997655334114882
FGI,under120,2026-08-24T13:38:00Z,morning,7.01,-0.0925566343042071,False,shallow_outside,3-10,True,True,2026-08-24T13:40:00Z,5.135520684736096,7.435,,False,,,7.055,0.6419400855920104
INFQ,under120,2026-08-24T13:38:00Z,morning,12.8301,-0.09135269121813028,False,other_price_or_range,10-120,False,,,,,,,,,,
GCDT,under120,2026-08-24T13:38:00Z,morning,0.36,-0.09044972208185953,False,shallow_outside,<1,True,True,2026-08-24T13:45:00Z,5.277777777777783,0.3859,,False,,,0.3681,2.2499999999999987
FCEL,under120,2026-08-24T13:38:00Z,morning,17.78,-0.09007164790173992,False,other_price_or_range,10-120,False,,,,,,,,,,
IBG,under120,2026-08-24T13:38:00Z,morning,0.9102,-0.08979999999999999,False,shallow_outside,<1,True,True,2026-08-24T16:35:00Z,5.5811909470446,0.98,,True,0.8931,-1.8787079762689525,0.9643,5.94374862667546
BIVI,under120,2026-08-24T13:38:00Z,morning,1.775,-0.08974358974358977,False,shallow_outside,1-3,True,True,2026-08-24T13:55:00Z,5.3521126760563495,1.8709,,False,,,2.125,19.718309859154935
ASTY,under120,2026-08-24T13:38:00Z,morning,6.95,-0.0879265091863517,False,shallow_outside,3-10,True,False,,,7.06,99.5768688293371,False,,,6.2283,-10.384172661870506
LGCL,under120,2026-08-24T13:38:00Z,morning,0.052,-0.08771929824561411,False,shallow_outside,<1,True,False,,,0.0533,98.70370370370371,False,,,0.047,-9.61538461538461
IMTE,under120,2026-08-24T13:38:00Z,morning,0.4656,-0.08705882352941176,False,shallow_outside,<1,True,True,2026-08-24T19:25:00Z,6.099656357388312,0.5034,,True,0.472,1.3745704467353868,0.4898,5.197594501718212
ZTG,under120,2026-08-24T13:38:00Z,morning,0.87,-0.08642234589940148,False,shallow_outside,<1,True,True,2026-08-24T13:40:00Z,5.057471264367821,0.9318,,False,,,0.9001,3.459770114942531
CJMB,under120,2026-08-24T13:38:00Z,morning,2.2763,-0.08582329317269084,False,shallow_outside,1-3,True,False,,,2.39,101.70212765957447,False,,,2.26,-0.7160743311514389
ALOY,under120,2026-08-24T13:38:00Z,morning,11.435,-0.08519999999999996,False,other_price_or_range,10-120,False,,,,,,,,,,
PARA,under120,2026-08-24T13:38:00Z,morning,1.1919,-0.08315384615384622,False,shallow_outside,1-3,True,False,,,1.25,101.62601626016261,False,,,1.19,-0.15940934642168075
HIMS,under120,2026-08-24T13:38:00Z,morning,30.998,-0.08235642391947898,False,other_price_or_range,10-120,False,,,,,,,,,,
AIFU,under120,2026-08-24T13:38:00Z,morning,16.98,-0.08215720084973431,False,other_price_or_range,10-120,False,,,,,,,,,,
ASTL,under120,2026-08-24T13:38:00Z,morning,4.27,-0.08172043010752704,False,shallow_outside,3-10,True,False,,,4.33,99.31192660550458,False,,,4.0,-6.323185011709592
ADXN,under120,2026-08-24T13:38:00Z,morning,4.5381,-0.0813562753036438,False,shallow_outside,3-10,True,False,,,4.5381,98.01511879049676,True,4.17,-8.111324122430094,3.99,-12.077741786210083
MF,under120,2026-08-24T13:38:00Z,morning,15.05,-0.0811965811965811,False,other_price_or_range,10-120,False,,,,,,,,,,
JATT,under120,2026-08-24T13:38:00Z,morning,12.18,-0.08006042296072512,False,other_price_or_range,10-120,False,,,,,,,,,,
BTTC,under120,2026-08-24T13:38:00Z,morning,0.553,-0.07986688851913466,False,shallow_outside,<1,True,True,2026-08-24T14:10:00Z,6.148282097649171,0.5984,,False,,,0.5759,4.141048824593114
ARCX,under120,2026-08-24T13:38:00Z,morning,15.25,-0.07893385839136546,False,other_price_or_range,10-120,False,,,,,,,,,,
JYD,under120,2026-08-24T13:38:00Z,morning,0.8754,-0.0786233028102305,False,shallow_outside,<1,True,True,2026-08-24T14:45:00Z,5.094813799405996,0.9217,,False,,,0.9301,6.248572081334257
LUNR,under120,2026-08-24T13:38:00Z,morning,16.895,-0.07778384279475986,False,other_price_or_range,10-120,False,,,,,,,,,,
ABSI,under120,2026-08-24T13:38:00Z,morning,8.81,-0.07748691099476442,False,shallow_outside,3-10,True,False,,,9.0209,100.34371523915459,False,,,8.855,0.5107832009080582
LPTH,under120,2026-08-24T13:38:00Z,morning,13.31,-0.07697642163661578,False,other_price_or_range,10-120,False,,,,,,,,,,
ELOG,under120,2026-08-24T13:38:00Z,morning,0.7605,-0.0769510862968807,False,shallow_outside,<1,False,,,,,,,,,,
AIHS,under120,2026-08-24T13:38:00Z,morning,1.348,-0.07671232876712321,False,shallow_outside,1-3,True,True,2026-08-24T15:15:00Z,7.566765578635004,1.47,,False,,,1.435,6.454005934718097
KTTA,under120,2026-08-24T13:38:00Z,morning,0.4984,-0.07601038190582125,False,shallow_outside,<1,True,True,2026-08-24T13:45:00Z,5.136436597110756,0.5299,,False,,,0.5235,5.036115569823426
BFLY,under120,2026-08-24T13:38:00Z,morning,8.8264,-0.07576963350785351,False,shallow_outside,3-10,True,False,,,9.205,101.93798449612403,False,,,8.945,1.3436961841747566
TRUG,under120,2026-08-24T13:38:00Z,morning,0.79,-0.07569907569907568,False,shallow_outside,<1,True,False,,,0.79,98.01488833746899,True,0.713,-9.746835443037982,0.6401,-18.9746835443038
OSTX,under120,2026-08-24T13:38:00Z,morning,1.47,-0.07547169811320761,False,shallow_outside,1-3,True,True,2026-08-24T17:40:00Z,4.081632653061228,1.5499,,False,,,1.545,5.102040816326528
AVXX,under120,2026-08-24T13:38:00Z,morning,5.265,-0.07469244288224967,False,shallow_outside,3-10,True,False,,,5.265,97.86245353159852,True,5.06,-3.8936372269705615,4.83,-8.262108262108255
ICG,under120,2026-08-24T13:38:00Z,morning,0.9351,-0.07415841584158413,False,shallow_outside,<1,True,True,2026-08-24T14:20:00Z,5.87102983638113,1.01,,False,,,0.9501,1.6041065126724308
YHGJ,under120,2026-08-24T13:38:00Z,morning,2.89,-0.0737179487179487,False,shallow_outside,1-3,True,True,2026-08-24T16:10:00Z,6.228373702422135,3.13,,,,,3.05,5.536332179930785
EOSE,under120,2026-08-24T13:38:00Z,morning,3.53,-0.07349081364829403,False,shallow_outside,3-10,True,False,,,3.54,98.06094182825485,False,,,3.475,-1.558073654390927
TMC,under120,2026-08-24T13:38:00Z,morning,4.44,-0.07306889352818365,False,shallow_outside,3-10,True,True,2026-08-24T15:40:00Z,5.1801801801801695,4.68,,False,,,4.73,6.531531531531531
YOUL,under120,2026-08-24T13:38:00Z,morning,0.4686,-0.07281361297981787,False,shallow_outside,<1,True,True,2026-08-24T14:20:00Z,5.633802816901404,0.5051,,False,,,0.499,6.4874093043107095
FLD,under120,2026-08-24T13:38:00Z,morning,0.46,-0.07276758718000396,False,shallow_outside,<1,True,True,2026-08-24T14:40:00Z,9.347826086956518,0.5124,,False,,,0.4807,4.499999999999999
VELO,under120,2026-08-24T13:38:00Z,morning,12.3291,-0.0726513726965024,False,other_price_or_range,10-120,False,,,,,,,,,,
HQ,under120,2026-08-24T13:38:00Z,morning,18.49,-0.07225288509784251,False,other_price_or_range,10-120,False,,,,,,,,,,
OPHC,under120,2026-08-24T13:38:00Z,morning,8.63,-0.07204301075268815,False,shallow_outside,3-10,True,True,2026-08-24T15:00:00Z,5.09849362688296,9.0999,,False,,,9.065,5.040556199304735
FGL,under120,2026-08-24T13:38:00Z,morning,0.2494,-0.07182731671008553,False,shallow_outside,<1,True,True,2026-08-24T15:10:00Z,5.052125100240577,0.2651,,False,,,0.2705,8.460304731355256
PLSE,under120,2026-08-24T13:38:00Z,morning,46.8103,-0.07159262197540665,False,other_price_or_range,10-120,False,,,,,,,,,,
ABCL,under120,2026-08-24T13:38:00Z,morning,10.51,-0.07155477031802124,False,other_price_or_range,10-120,False,,,,,,,,,,
NICM,under120,2026-08-24T13:38:00Z,morning,6.36,-0.07153284671532838,False,shallow_outside,3-10,False,,,,,,,,,,
ZENA,under120,2026-08-24T13:38:00Z,morning,1.885,-0.07142857142857134,False,shallow_outside,1-3,True,False,,,1.885,97.66839378238342,False,,,1.785,-5.305039787798413
SNES,under120,2026-08-24T13:38:00Z,morning,1.1701,-0.07134920634920643,False,shallow_outside,1-3,True,False,,,1.21,100.83333333333333,False,,,1.19,1.7007093410819616
RYOJ,under120,2026-08-24T13:38:00Z,morning,4.58,-0.07099391480730216,False,shallow_outside,3-10,True,True,2026-08-24T15:50:00Z,6.55021834061135,4.9781,,False,,,4.77,4.148471615720513
CTSO,under120,2026-08-24T13:38:00Z,morning,0.3441,-0.06999999999999994,False,shallow_outside,<1,True,True,2026-08-24T17:55:00Z,8.398721301947102,0.38,,False,,,0.3811,10.752688172043005
ICCM,under120,2026-08-24T13:38:00Z,morning,2.2601,-0.06991769547325109,False,shallow_outside,1-3,True,False,,,2.34,101.29870129870129,False,,,2.257,-0.137162072474664
CAST,under120,2026-08-24T13:38:00Z,morning,1.47,-0.06962025316455701,False,shallow_outside,1-3,True,True,2026-08-24T14:15:00Z,5.442176870748304,1.575,,False,,,1.463,-0.47619047619046906
TNON,under120,2026-08-24T13:38:00Z,morning,6.355,-0.0695461200585651,False,shallow_outside,3-10,True,True,2026-08-24T14:15:00Z,5.114083398898494,6.74,,False,,,6.27,-1.3375295043273145
TGHL,under120,2026-08-24T13:38:00Z,morning,0.8,-0.06944282889380013,False,shallow_outside,<1,True,False,,,0.8281,101.4828431372549,False,,,0.7742,-3.225000000000006
NIVF,under120,2026-08-24T13:38:00Z,morning,0.5412,-0.06930352536543423,False,shallow_outside,<1,True,False,,,0.5412,97.86618444846292,True,0.5199,-3.9356984478935675,0.4946,-8.610495195861056
LITB,under120,2026-08-24T13:38:00Z,morning,2.84,-0.06885245901639343,False,shallow_outside,1-3,True,True,2026-08-24T15:25:00Z,7.042253521126768,3.1,,False,,,2.96,4.2253521126760605
AMPU,under120,2026-08-24T13:38:00Z,morning,2.375,-0.0686274509803921,False,shallow_outside,1-3,True,False,,,2.412,99.25925925925925,False,,,2.31,-2.7368421052631557
GLMD,under120,2026-08-24T13:38:00Z,morning,4.01,-0.06852497096399535,False,shallow_outside,3-10,True,False,,,4.1298,100.7268292682927,False,,,4.045,0.872817955112223
LIMN,under120,2026-08-24T13:38:00Z,morning,4.81,-0.06782945736434119,False,shallow_outside,3-10,True,False,,,5.02,102.03252032520325,False,,,4.67,-2.910602910602904
USAR,under120,2026-08-24T13:38:00Z,morning,17.96,-0.06749740394600211,False,other_price_or_range,10-120,False,,,,,,,,,,
BOXL,under120,2026-08-24T13:38:00Z,morning,5.281,-0.06696113074204954,False,shallow_outside,3-10,True,True,2026-08-24T13:40:00Z,5.093732247680367,5.65,,False,,,5.5,4.146941867070637
GIPR,under120,2026-08-24T13:38:00Z,morning,0.2801,-0.06695536309127251,False,shallow_outside,<1,True,True,2026-08-24T13:40:00Z,24.241342377722226,0.3541,,False,,,0.7502,167.83291681542306
AEHL,under120,2026-08-24T13:38:00Z,morning,5.86,-0.06687898089171973,False,shallow_outside,3-10,True,True,2026-08-24T13:40:00Z,5.119453924914672,6.1799,,False,,,6.03,2.9010238907849817
AMKL,under120,2026-08-24T13:38:00Z,morning,6.105,-0.06651376146788984,False,shallow_outside,3-10,True,False,,,6.105,97.9935794542536,True,5.88,-3.6855036855036936,5.96,-2.3751023751023825
SATL,under120,2026-08-24T13:38:00Z,morning,5.34,-0.06643356643356642,False,shallow_outside,3-10,True,False,,,5.525,101.37614678899082,False,,,5.27,-1.310861423220979
EGG,under120,2026-08-24T13:38:00Z,morning,2.8475,-0.06639344262295072,False,shallow_outside,1-3,True,True,2026-08-24T14:20:00Z,5.0043898156277455,2.995,,False,,,3.19,12.028094820017552
BCTX,under120,2026-08-24T13:38:00Z,morning,3.8,-0.06633906633906644,False,shallow_outside,3-10,True,False,,,3.8448,99.09278350515464,False,,,3.471,-8.657894736842099
SLS,under120,2026-08-24T13:38:00Z,morning,14.44,-0.06597671410090565,False,other_price_or_range,10-120,False,,,,,,,,,,
BAOS,under120,2026-08-24T13:38:00Z,morning,0.446,-0.0651854957032069,False,shallow_outside,<1,True,True,2026-08-24T19:30:00Z,2.0179372197309435,0.4599,,False,,,0.464,4.035874439461887
QMCO,under120,2026-08-24T13:38:00Z,morning,20.8,-0.06516853932584267,False,other_price_or_range,10-120,False,,,,,,,,,,
CISS,under120,2026-08-24T13:38:00Z,morning,2.73,-0.06506849315068491,False,shallow_outside,1-3,True,False,,,2.802,100.43010752688173,False,,,2.625,-3.846153846153846
SPWR,under120,2026-08-24T13:38:00Z,morning,0.2805,-0.06468822940980318,False,shallow_outside,<1,True,True,2026-08-24T19:40:00Z,2.317290552584652,0.2882,,True,0.2752,-1.8894830659536634,0.2853,1.7112299465240537
IMSR,under120,2026-08-24T13:38:00Z,morning,5.21,-0.06463195691202878,False,shallow_outside,3-10,True,False,,,5.265,98.96616541353383,False,,,5.195,-0.28790786948175967
WOLF,under120,2026-08-24T13:38:00Z,morning,24.097,-0.06455745341614907,False,other_price_or_range,10-120,False,,,,,,,,,,
ACMM,under120,2026-08-24T13:38:00Z,morning,11.939,-0.06442234603600008,False,other_price_or_range,10-120,False,,,,,,,,,,
DBGI,under120,2026-08-24T13:38:00Z,morning,8.15,-0.06429391504018375,False,shallow_outside,3-10,True,True,2026-08-24T13:40:00Z,5.030674846625768,8.66,,False,,,8.15,0.0
AIB,under120,2026-08-24T13:38:00Z,morning,1.31,-0.06428571428571418,False,shallow_outside,1-3,True,False,,,1.36,101.49253731343283,False,,,1.295,-1.1450381679389408
LTRN,under120,2026-08-24T13:38:00Z,morning,2.19,-0.06410256410256407,False,shallow_outside,1-3,True,True,2026-08-24T13:55:00Z,7.7625570776255675,2.4,,False,,,2.121,-3.150684931506847
ARQQ,under120,2026-08-24T13:38:00Z,morning,19.795,-0.06362346263008509,False,other_price_or_range,10-120,False,,,,,,,,,,
SLE,under120,2026-08-24T13:38:00Z,morning,3.775,-0.06327543424317626,False,shallow_outside,3-10,True,True,2026-08-24T13:40:00Z,5.1655629139072925,4.0,,False,,,4.31,14.172185430463568
PSNL,under120,2026-08-24T13:38:00Z,morning,17.225,-0.06284004352557114,False,other_price_or_range,10-120,False,,,,,,,,,,
QNT,under120,2026-08-24T13:38:00Z,morning,53.045,-0.06280918727915194,False,other_price_or_range,10-120,False,,,,,,,,,,
APHG,under120,2026-08-24T13:38:00Z,morning,12.961,-0.06254294538432044,False,other_price_or_range,10-120,False,,,,,,,,,,
REAX,under120,2026-08-24T13:38:00Z,morning,2.475,-0.06250000000000001,False,shallow_outside,1-3,True,False,,,2.475,97.82608695652175,True,2.335,-5.656565656565661,2.4,-3.0303030303030374
ONFO,under120,2026-08-24T13:38:00Z,morning,1.35,-0.0624999999999999,False,shallow_outside,1-3,True,False,,,1.376,99.71014492753622,False,,,1.3201,-2.2148148148148175
YHC,under120,2026-08-24T13:38:00Z,morning,1.66,-0.06214689265536728,False,shallow_outside,1-3,True,True,2026-08-24T13:55:00Z,5.421686746987957,1.7747,,False,,,1.69,1.8072289156626522
AMDC,under120,2026-08-24T13:38:00Z,morning,16.705,-0.06208065937891281,False,other_price_or_range,10-120,False,,,,,,,,,,
ASUP,under120,2026-08-24T13:38:00Z,morning,9.07,-0.062047569803515994,False,shallow_outside,3-10,True,False,,,9.07,97.94816414686825,,,,7.99,-11.907386990077178
RCAT,under120,2026-08-24T13:38:00Z,morning,9.0249,-0.06186070686070672,False,shallow_outside,3-10,True,False,,,9.08,98.58849077090119,False,,,8.93,-1.051535197065905
HUDI,under120,2026-08-24T13:38:00Z,morning,0.9289,-0.06171717171717176,False,shallow_outside,<1,True,False,,,0.9654,101.8354430379747,False,,,0.9314,0.2691355366562663
PONY,under120,2026-08-24T13:38:00Z,morning,7.73,-0.060753341433778855,False,shallow_outside,3-10,True,False,,,7.73,97.97211660329532,True,7.475,-3.298835705045288,7.555,-2.263906856403631
XNDU,under120,2026-08-24T13:38:00Z,morning,10.29,-0.06027397260273974,False,other_price_or_range,10-120,False,,,,,,,,,,
AEHR,under120,2026-08-24T13:38:00Z,morning,95.6,-0.06025754448048766,False,other_price_or_range,10-120,False,,,,,,,,,,
SLXN,under120,2026-08-24T13:38:00Z,morning,0.3704,-0.0601370210606445,False,shallow_outside,<1,True,True,2026-08-24T13:40:00Z,5.02159827213823,0.389,,False,,,0.3676,-0.7559395248380196
UEIC,under120,2026-08-24T13:38:00Z,morning,4.56,-0.0597938144329897,False,shallow_outside,3-10,True,False,,,4.58,98.28326180257511,False,,,4.43,-2.8508771929824537
INTS,under120,2026-08-24T13:38:00Z,morning,4.57,-0.05967078189300412,False,shallow_outside,3-10,True,True,2026-08-24T14:25:00Z,5.032822757111586,4.8409,,False,,,4.84,5.908096280087518
AMDL,under120,2026-08-24T13:38:00Z,morning,46.63,-0.05893037336024207,False,other_price_or_range,10-120,False,,,,,,,,,,
RR,under120,2026-08-24T13:38:00Z,morning,1.6,-0.05882352941176463,False,shallow_outside,1-3,True,True,2026-08-24T16:50:00Z,4.99999999999999,1.69,,False,,,1.625,1.5624999999999944
GNLN,under120,2026-08-24T13:38:00Z,morning,2.7774,-0.05850847457627121,False,shallow_outside,1-3,True,False,,,2.8788,101.3661971830986,False,,,2.81,1.1737596313098568
RMAX,under120,2026-08-24T13:38:00Z,morning,12.825,-0.05837004405286343,False,other_price_or_range,10-120,False,,,,,,,,,,
IPW,under120,2026-08-24T13:38:00Z,morning,2.6,-0.05797101449275352,False,shallow_outside,1-3,True,False,,,2.64,99.24812030075188,False,,,2.2599,-13.080769230769231
YJ,under120,2026-08-24T13:38:00Z,morning,3.4016,-0.0577285318559556,False,shallow_outside,3-10,True,False,,,3.51,101.15273775216139,False,,,2.84,-16.509877704609604
GGR,under120,2026-08-24T13:38:00Z,morning,2.14,-0.057268722466960305,False,shallow_outside,1-3,True,True,2026-08-24T13:40:00Z,5.140186915887844,2.25,,False,,,2.9754,39.03738317757009
GELS,under120,2026-08-24T13:38:00Z,morning,0.5306,-0.057213930348258724,False,shallow_outside,<1,True,True,2026-08-24T15:20:00Z,5.1639653222766855,0.5624,,False,,,0.52,-1.9977384093478976
RXRX,under120,2026-08-24T13:38:00Z,morning,3.2999,-0.057171428571428554,False,shallow_outside,3-10,True,False,,,3.31,98.21958456973293,False,,,3.24,-1.815206521409735
NWGL,under120,2026-08-24T13:38:00Z,morning,0.547,-0.056896551724137795,False,shallow_outside,<1,True,True,2026-08-24T15:20:00Z,5.85009140767823,0.5898,,False,,,0.6014,9.945155393053016
HYFT,under120,2026-08-24T13:38:00Z,morning,1.33,-0.056737588652482164,False,shallow_outside,1-3,True,True,2026-08-24T13:40:00Z,5.26315789473683,1.4049,,False,,,1.39,4.511278195488709
MI,under120,2026-08-24T13:38:00Z,morning,2.83,-0.05666666666666664,False,shallow_outside,1-3,True,True,2026-08-24T19:45:00Z,2.1201413427561855,2.89,,False,,,2.7872,-1.5123674911660838
WYHG,under120,2026-08-24T13:38:00Z,morning,5.05,-0.05607476635514016,False,shallow_outside,3-10,True,False,,,5.206,100.89147286821706,False,,,5.12,1.3861386138613918
TOYO,under120,2026-08-24T13:38:00Z,morning,4.55,-0.056016597510373536,False,shallow_outside,3-10,True,False,,,4.64,99.78494623655912,False,,,4.38,-3.736263736263735
AMTX,under120,2026-08-24T13:38:00Z,morning,1.955,-0.05555555555555545,False,shallow_outside,1-3,True,False,,,1.98,99.0,False,,,1.89,-3.3248081841432313
WETO,under120,2026-08-24T13:38:00Z,morning,24.5654,-0.055540176855055794,False,other_price_or_range,10-120,False,,,,,,,,,,
CNEY,under120,2026-08-24T13:38:00Z,morning,0.6599,-0.05553170173178753,False,shallow_outside,<1,True,False,,,0.6599,97.90801186943621,True,0.6582,-0.2576147901197204,0.6288,-4.712835278072437
MRAM,under120,2026-08-24T13:38:00Z,morning,16.16,-0.05552308591466974,False,other_price_or_range,10-120,False,,,,,,,,,,
LGPS,under120,2026-08-24T13:38:00Z,morning,0.85,-0.055450605622847045,False,shallow_outside,<1,True,False,,,0.87,100.34602076124568,False,,,0.8601,1.1882352941176468
DCGO,under120,2026-08-24T13:38:00Z,morning,0.4105,-0.05523590333716921,False,shallow_outside,<1,True,False,,,0.4191,100.02386634844869,False,,,0.3815,-7.0645554202192375
JFU,under120,2026-08-24T13:38:00Z,morning,2.74,-0.05517241379310334,False,shallow_outside,1-3,True,False,,,2.74,97.85714285714288,True,2.72,-0.7299270072992706,2.6,-5.1094890510948945
SMTC,under120,2026-08-24T13:38:00Z,morning,117.25,-0.055121282939801786,False,other_price_or_range,10-120,False,,,,,,,,,,
SVCO,under120,2026-08-24T13:38:00Z,morning,6.36,-0.05497771173848441,False,shallow_outside,3-10,True,True,2026-08-24T16:00:00Z,5.031446540880494,6.68,,False,,,6.86,7.861635220125786
NB,under120,2026-08-24T13:38:00Z,morning,4.385,-0.054956896551724116,False,shallow_outside,3-10,True,False,,,4.45,99.33035714285714,False,,,4.24,-3.3067274800456006
AEVA,under120,2026-08-24T13:38:00Z,morning,17.285,-0.054948059048660416,False,other_price_or_range,10-120,False,,,,,,,,,,
LWLG,under120,2026-08-24T13:38:00Z,morning,5.85,-0.05492730210016167,False,shallow_outside,3-10,True,False,,,5.91,98.99497487437186,False,,,5.79,-1.025641025641019
JUNS,under120,2026-08-24T13:38:00Z,morning,5.86,-0.05483870967741933,False,shallow_outside,3-10,True,False,,,6.0,100.33444816053512,False,,,5.6,-4.436860068259397
QBTS,under120,2026-08-24T13:38:00Z,morning,19.275,-0.05468366846493389,False,other_price_or_range,10-120,False,,,,,,,,,,
UAMY,under120,2026-08-24T13:38:00Z,morning,5.19,-0.05464480874316936,False,shallow_outside,3-10,True,False,,,5.2199,98.48867924528302,False,,,5.1,-1.734104046242789
KOPN,under120,2026-08-24T13:38:00Z,morning,4.765,-0.05456349206349213,False,shallow_outside,3-10,True,False,,,4.865,99.89733059548254,False,,,4.735,-0.6295907660020853
SNTI,under120,2026-08-24T13:38:00Z,morning,0.3674,-0.05455481214616571,False,shallow_outside,<1,True,True,2026-08-24T18:10:00Z,4.246053347849756,0.3889,,True,0.3402,-7.403375068045727,0.3748,2.014153511159504
SERV,under120,2026-08-24T13:38:00Z,morning,4.7088,-0.05445783132530126,False,shallow_outside,3-10,True,False,,,4.81,100.0,False,,,4.68,-0.6116207951070417
FLY,under120,2026-08-24T13:38:00Z,morning,23.12,-0.05439672801635985,False,other_price_or_range,10-120,False,,,,,,,,,,
ATOM,under120,2026-08-24T13:38:00Z,morning,4.52,-0.05439330543933068,False,shallow_outside,3-10,True,False,,,4.62,100.0,False,,,4.52,0.0
WAFU,under120,2026-08-24T13:38:00Z,morning,1.4,-0.054054054054054106,False,shallow_outside,1-3,True,True,2026-08-24T13:40:00Z,5.000000000000004,1.48,,False,,,1.39,-0.714285714285715
PDYN,under120,2026-08-24T13:38:00Z,morning,5.8,-0.0538336052202284,False,shallow_outside,3-10,True,False,,,5.93,100.16891891891892,False,,,5.78,-0.3448275862068892
EDRY,under120,2026-08-24T13:38:00Z,morning,44.34,-0.05357524012806826,False,other_price_or_range,10-120,False,,,,,,,,,,
PACB,under120,2026-08-24T13:38:00Z,morning,1.278,-0.05333333333333338,False,shallow_outside,1-3,True,True,2026-08-24T19:30:00Z,2.5039123630672946,1.32,,False,,,1.28,0.1564945226917059
INBX,under120,2026-08-24T13:38:00Z,morning,98.12,-0.053169931487021045,False,other_price_or_range,10-120,False,,,,,,,,,,
DIT,under120,2026-08-24T13:38:00Z,morning,67.0,-0.053137365743357895,False,other_price_or_range,10-120,False,,,,,,,,,,
AIFC,under120,2026-08-24T13:38:00Z,morning,0.64,-0.05311436603047778,False,shallow_outside,<1,True,True,2026-08-24T14:20:00Z,5.000000000000004,0.675,,False,,,0.6581,2.828125000000001
BKSY,under120,2026-08-24T13:38:00Z,morning,26.28,-0.05297297297297293,False,other_price_or_range,10-120,False,,,,,,,,,,
LVO,under120,2026-08-24T13:38:00Z,morning,3.76,-0.05289672544080615,False,shallow_outside,3-10,True,True,2026-08-24T18:05:00Z,4.255319148936175,3.965,,False,,,3.895,3.5904255319149003
TEM,under120,2026-08-24T13:38:00Z,morning,68.845,-0.05289585912780299,False,other_price_or_range,10-120,False,,,,,,,,,,
TMCR,under120,2026-08-24T13:38:00Z,morning,5.8,-0.05228758169934645,False,shallow_outside,3-10,True,True,2026-08-24T15:25:00Z,5.000000000000001,6.09,,True,5.64,-2.758620689655175,6.001,3.4655172413793194
RGTI,under120,2026-08-24T13:38:00Z,morning,16.9743,-0.052244556113902885,False,other_price_or_range,10-120,False,,,,,,,,,,
TXG,under120,2026-08-24T13:38:00Z,morning,61.72,-0.052211302211302296,False,other_price_or_range,10-120,False,,,,,,,,,,
PYXS,under120,2026-08-24T13:38:00Z,morning,2.92,-0.05194805194805199,False,shallow_outside,1-3,True,True,2026-08-24T19:40:00Z,2.054794520547947,3.01,,False,,,2.95,1.0273972602739811
IONQ,under120,2026-08-24T13:38:00Z,morning,42.53,-0.05193936691930447,False,other_price_or_range,10-120,False,,,,,,,,,,
COHU,under120,2026-08-24T13:38:00Z,morning,51.55,-0.05186683832996138,False,other_price_or_range,10-120,False,,,,,,,,,,
AMDW,under120,2026-08-24T13:38:00Z,morning,76.83,-0.05171562577141444,False,other_price_or_range,10-120,False,,,,,,,,,,
QTRX,under120,2026-08-24T13:38:00Z,morning,2.836,-0.05150501672240814,False,shallow_outside,1-3,True,False,,,2.87,98.96551724137932,False,,,2.795,-1.445698166431591
SXTC,under120,2026-08-24T13:38:00Z,morning,3.89,-0.05121951219512184,False,shallow_outside,3-10,True,False,,,3.99,100.50377833753149,False,,,3.8297,-1.5501285347043763
ARBE,under120,2026-08-24T13:38:00Z,morning,0.6784,-0.05118881118881114,False,shallow_outside,<1,True,False,,,0.6891,99.58092485549135,False,,,0.6769,-0.2211084905660461
YYAI,under120,2026-08-24T13:38:00Z,morning,1.02,-0.05116279069767436,False,shallow_outside,1-3,True,True,2026-08-24T14:55:00Z,8.823529411764714,1.13,,False,,,1.09,6.8627450980392215
PASW,under120,2026-08-24T13:38:00Z,morning,0.128,-0.05114899925871008,False,shallow_outside,<1,True,True,2026-08-24T16:35:00Z,5.468750000000004,0.136,,True,0.133,3.9062500000000036,0.136,6.250000000000005
NOMA,under120,2026-08-24T13:38:00Z,morning,2.23,-0.05106382978723409,False,shallow_outside,1-3,True,True,2026-08-24T19:40:00Z,2.242152466367705,2.3,,True,2.2,-1.345291479820619,2.245,0.6726457399103195
QUBT,under120,2026-08-24T13:38:00Z,morning,8.465,-0.05100896860986548,False,shallow_outside,3-10,True,False,,,8.465,97.97453703703702,True,8.3801,-1.0029533372711084,8.25,-2.5398700531600693
ACH,under120,2026-08-24T13:38:00Z,morning,1.139,-0.050833333333333286,False,shallow_outside,1-3,True,False,,,1.17,100.0,False,,,1.155,1.4047410008779644
KNDI,under120,2026-08-24T13:38:00Z,morning,0.6051,-0.050823529411764684,False,shallow_outside,<1,True,True,2026-08-24T13:55:00Z,5.1065939514129965,0.636,,False,,,0.6401,5.7841679061312234
DNA,under120,2026-08-24T13:38:00Z,morning,7.0285,-0.050202702702702724,False,shallow_outside,3-10,True,False,,,7.035,98.11715481171548,True,6.9526,-1.0798890232624294,6.785,-3.4644661022977883
GAUZ,under120,2026-08-24T13:38:00Z,morning,0.3771,-0.050125944584382943,False,shallow_outside,<1,True,True,2026-08-24T13:40:00Z,7.928931317952793,0.4153,,False,,,0.4038,7.080350039777247
NEOV,under120,2026-08-24T13:38:00Z,morning,3.1729,-0.05002994011976049,False,shallow_outside,3-10,True,False,,,3.1729,97.929012345679,True,3.11,-1.9824135648775554,3.12,-1.6672444766617205
BGI,under120,2026-08-24T14:40:00Z,morning,0.2982,-0.20501199680085302,True,in_bracket,<1,True,True,2026-08-24T14:40:00Z,5.298457411133461,0.3202,,False,,,0.3505,17.538564721663295
PFSA,under120,2026-08-24T14:40:00Z,morning,4.44,-0.18681318681318673,True,in_bracket,3-10,True,True,2026-08-24T19:30:00Z,2.0270270270270236,4.55,,False,,,4.6483,4.691441441441429
TREO,under120,2026-08-24T14:40:00Z,morning,5.85,-0.17605633802816903,True,in_bracket,3-10,True,False,,,6.04,101.17252931323284,False,,,5.58,-4.615384615384609
MYO,under120,2026-08-24T14:40:00Z,morning,1.4899,-0.13878612716763006,True,in_bracket,1-3,True,False,,,1.49,98.02631578947368,False,,,1.385,-7.0407409893281425
MYND,under120,2026-08-24T14:40:00Z,morning,0.427,-0.13719943422913722,True,in_bracket,<1,True,True,2026-08-24T14:40:00Z,17.096018735363,0.51,,False,,,0.4178,-2.1545667447306758
IPST,under120,2026-08-24T14:40:00Z,morning,8.33,-0.1367875647668394,True,in_bracket,3-10,True,True,2026-08-24T14:45:00Z,5.882352941176474,9.0,,False,,,8.59,3.1212484993997576
SDST,under120,2026-08-24T14:40:00Z,morning,0.5503,-0.11256248992098045,True,in_bracket,<1,True,False,,,0.5595,99.55516014234874,False,,,0.512,-6.95984008722515
BRUN,under120,2026-08-24T14:40:00Z,morning,17.325,-0.11199384930804726,False,other_price_or_range,10-120,False,,,,,,,,,,
YDKG,under120,2026-08-24T14:40:00Z,morning,0.977,-0.10514746290529411,True,in_bracket,<1,True,True,2026-08-24T15:05:00Z,7.471852610030713,1.065,,False,,,1.02,4.401228249744118
VEEA,under120,2026-08-24T14:40:00Z,morning,0.1266,-0.10085227272727285,True,in_bracket,<1,True,True,2026-08-24T14:55:00Z,5.055292259083742,0.1335,,False,,,0.1296,2.3696682464455
ANTA,under120,2026-08-24T14:40:00Z,morning,3.74,-0.09879518072289159,False,shallow_outside,3-10,True,True,2026-08-24T16:45:00Z,5.080213903743314,3.96,,False,,,3.86,3.208556149732611
INOD,under120,2026-08-24T14:40:00Z,morning,58.35,-0.09126304313969776,False,other_price_or_range,10-120,False,,,,,,,,,,
FTFT,under120,2026-08-24T14:40:00Z,morning,0.603,-0.08829755065013609,False,shallow_outside,<1,True,True,2026-08-24T18:00:00Z,4.145936981757881,0.6299,,False,,,0.6249,3.6318407960199055
YIBO,under120,2026-08-24T14:40:00Z,morning,1.24,-0.08823529411764713,False,shallow_outside,1-3,True,False,,,1.2685,99.88188976377953,,,,1.2685,2.2983870967741913
MFI,under120,2026-08-24T14:40:00Z,morning,8.8,-0.08808290155440411,False,shallow_outside,3-10,True,True,2026-08-24T14:55:00Z,4.999999999999994,9.25,,False,,,9.44,7.272727272727258
CMCT,under120,2026-08-24T14:40:00Z,morning,4.7901,-0.08760000000000004,False,shallow_outside,3-10,True,True,2026-08-24T15:00:00Z,5.008246174401379,5.035,,False,,,4.945,3.2337529487902237
GSUN,under120,2026-08-24T14:40:00Z,morning,0.2868,-0.08691499522445079,False,shallow_outside,<1,True,True,2026-08-24T17:30:00Z,4.253835425383539,0.3001,,False,,,0.2891,0.8019525801952665
VCRE,under120,2026-08-24T14:40:00Z,morning,11.42,-0.0864,False,other_price_or_range,10-120,False,,,,,,,,,,
NFE,under120,2026-08-24T14:40:00Z,morning,0.2519,-0.08400000000000003,False,shallow_outside,<1,True,True,2026-08-24T17:20:00Z,5.200476379515681,0.2685,,False,,,0.2774,10.123064708217534
LESL,under120,2026-08-24T14:40:00Z,morning,0.5508,-0.0835274542429285,False,shallow_outside,<1,True,True,2026-08-24T16:45:00Z,5.119825708061003,0.5819,,False,,,0.5899,7.09876543209877
GCTS,under120,2026-08-24T14:40:00Z,morning,1.875,-0.08088235294117649,False,shallow_outside,1-3,True,False,,,1.9,98.95833333333334,False,,,1.862,-0.693333333333328
GITS,under120,2026-08-24T14:40:00Z,morning,1.51,-0.07926829268292677,False,shallow_outside,1-3,True,False,,,1.55,100.0,False,,,1.47,-2.6490066225165587
JEM,under120,2026-08-24T14:40:00Z,morning,3.77,-0.07823960880195595,False,shallow_outside,3-10,True,True,2026-08-24T15:20:00Z,5.0397877984084865,4.0187,,False,,,3.85,2.1220159151193654
GDTC,under120,2026-08-24T14:40:00Z,morning,0.95,-0.07766990291262142,False,shallow_outside,<1,True,True,2026-08-24T18:50:00Z,3.0526315789473712,0.98,,False,,,1.0,5.263157894736848
FISN,under120,2026-08-24T14:40:00Z,morning,7.61,-0.07757575757575753,False,shallow_outside,3-10,True,False,,,7.68,98.84169884169884,False,,,7.15,-6.044678055190538
WRD,under120,2026-08-24T14:40:00Z,morning,5.95,-0.07751937984496124,False,shallow_outside,3-10,True,False,,,6.02,99.17627677100494,False,,,5.96,0.1680672268907527
IVDA,under120,2026-08-24T14:40:00Z,morning,0.3107,-0.07722007722007729,False,shallow_outside,<1,True,True,2026-08-24T15:00:00Z,5.246218216929526,0.3299,,False,,,0.3299,6.179594464113309
CDTG,under120,2026-08-24T14:40:00Z,morning,1.0896,-0.07661016949152546,False,shallow_outside,1-3,True,True,2026-08-24T16:50:00Z,21.145374449339226,1.34,,False,,,1.145,5.084434654919248
ADVB,under120,2026-08-24T14:40:00Z,morning,7.52,-0.07616707616707628,False,shallow_outside,3-10,True,True,2026-08-24T15:15:00Z,5.053191489361713,7.9,,False,,,7.92,5.319148936170218
FDMT,under120,2026-08-24T14:40:00Z,morning,14.625,-0.07612128869235629,False,other_price_or_range,10-120,False,,,,,,,,,,
WTF,under120,2026-08-24T14:40:00Z,morning,2.755,-0.07541027620230221,False,shallow_outside,1-3,True,True,2026-08-24T16:40:00Z,5.263157894736843,2.915,,False,,,2.915,5.8076225045372105
ELMT,under120,2026-08-24T14:40:00Z,morning,18.39,-0.07518229821473477,False,other_price_or_range,10-120,False,,,,,,,,,,
MANE,under120,2026-08-24T14:40:00Z,morning,95.26,-0.07352655125461961,False,other_price_or_range,10-120,False,,,,,,,,,,
FORM,under120,2026-08-24T14:40:00Z,morning,105.805,-0.07318675543097398,False,other_price_or_range,10-120,False,,,,,,,,,,
TGEN,under120,2026-08-24T14:40:00Z,morning,3.17,-0.07309941520467836,False,shallow_outside,3-10,True,False,,,3.21,99.07407407407408,False,,,3.07,-3.154574132492116
GWH,under120,2026-08-24T14:40:00Z,morning,0.3752,-0.07289350135903144,False,shallow_outside,<1,True,True,2026-08-24T18:10:00Z,4.211087420042654,0.3934,,False,,,0.3866,3.03837953091685
KUST,under120,2026-08-24T14:40:00Z,morning,0.9245,-0.0718803332998695,False,shallow_outside,<1,True,False,,,0.9367,99.33191940615058,False,,,0.9301,0.6057328285559815
CURX,under120,2026-08-24T14:40:00Z,morning,4.3718,-0.07180467091295109,False,shallow_outside,3-10,True,True,2026-08-24T16:40:00Z,8.422160208609721,4.83,,False,,,4.63,5.9060341278191935
XPEV,under120,2026-08-24T14:40:00Z,morning,11.315,-0.07178014766201805,False,other_price_or_range,10-120,False,,,,,,,,,,
INBS,under120,2026-08-24T14:40:00Z,morning,2.33,-0.07171314741035846,False,shallow_outside,1-3,True,True,2026-08-24T18:40:00Z,3.0042918454935554,2.4,,False,,,2.57,10.300429184549346
NXTC,under120,2026-08-24T14:40:00Z,morning,5.84,-0.0715421303656598,False,shallow_outside,3-10,True,True,2026-08-24T15:30:00Z,5.308219178082201,6.2707,,False,,,5.8,-0.6849315068493157
ISPC,under120,2026-08-24T14:40:00Z,morning,1.57,-0.07100591715976325,False,shallow_outside,1-3,True,False,,,1.6499,101.84567901234567,False,,,1.57,0.0
NAUT,under120,2026-08-24T14:40:00Z,morning,0.887,-0.07071765322158198,False,shallow_outside,<1,True,False,,,0.8886,98.18784530386739,True,0.8762,-1.2175873731679856,0.8785,-0.9582863585118447
AMOD,under120,2026-08-24T14:40:00Z,morning,4.31,-0.06911447084233267,False,shallow_outside,3-10,True,True,2026-08-24T15:05:00Z,5.568445475638057,4.64,,False,,,4.56,5.80046403712297
TEAD,under120,2026-08-24T14:40:00Z,morning,0.62,-0.06906906906906912,False,shallow_outside,<1,True,False,,,0.624,98.5781990521327,False,,,0.61,-1.6129032258064528
JFB,under120,2026-08-24T14:40:00Z,morning,4.2,-0.06873614190687354,False,shallow_outside,3-10,True,False,,,4.3,100.23310023310023,False,,,4.16,-0.9523809523809532
BTMD,under120,2026-08-24T14:40:00Z,morning,1.5,-0.06832298136645969,False,shallow_outside,1-3,True,True,2026-08-24T17:35:00Z,4.0000000000000036,1.57,,False,,,1.571,4.733333333333331
SHMD,under120,2026-08-24T14:40:00Z,morning,4.575,-0.06822810590631363,False,shallow_outside,3-10,True,True,2026-08-24T16:35:00Z,5.1366120218579105,4.85,,False,,,4.86,6.229508196721315
STKE,under120,2026-08-24T14:40:00Z,morning,1.24,-0.06766917293233088,False,shallow_outside,1-3,True,True,2026-08-24T14:45:00Z,5.645161290322586,1.31,,False,,,1.285,3.6290322580645102
FNGR,under120,2026-08-24T14:40:00Z,morning,0.2054,-0.0672116257947321,False,shallow_outside,<1,True,False,,,0.2054,97.80952380952381,True,0.195,-5.063291139240503,0.1951,-5.014605647517042
LASR,under120,2026-08-24T14:40:00Z,morning,44.205,-0.06720827178729695,False,other_price_or_range,10-120,False,,,,,,,,,,
THCH,under120,2026-08-24T14:40:00Z,morning,1.11,-0.06714849987393887,False,shallow_outside,1-3,True,True,2026-08-24T15:45:00Z,5.40540540540539,1.177,,False,,,1.15,3.6036036036035863
FSLY,under120,2026-08-24T14:40:00Z,morning,23.2847,-0.06674549098196386,False,other_price_or_range,10-120,False,,,,,,,,,,
SMCI,under120,2026-08-24T14:40:00Z,morning,34.77,-0.06632653061224486,False,other_price_or_range,10-120,False,,,,,,,,,,
RTB,under120,2026-08-24T14:40:00Z,morning,12.69,-0.06622516556291394,False,other_price_or_range,10-120,False,,,,,,,,,,
LINK,under120,2026-08-24T14:40:00Z,morning,4.74,-0.06600985221674877,False,shallow_outside,3-10,True,True,2026-08-24T15:05:00Z,8.649789029535867,5.25,,False,,,4.75,0.21097046413501658
OTLK,under120,2026-08-24T14:40:00Z,morning,0.6049,-0.0653584672435105,False,shallow_outside,<1,True,False,,,0.6147,99.62722852512155,False,,,0.6033,-0.26450653000496704
DXYZ,under120,2026-08-24T14:40:00Z,morning,32.19,-0.06505954109787981,False,other_price_or_range,10-120,False,,,,,,,,,,
PRZO,under120,2026-08-24T14:40:00Z,morning,0.6296,-0.06462635566780564,False,shallow_outside,<1,True,True,2026-08-24T18:55:00Z,3.0813214739517107,0.6512,,False,,,0.6309,0.2064803049555222
PRHI,under120,2026-08-24T14:40:00Z,morning,7.3,-0.06410256410256411,False,shallow_outside,3-10,True,True,2026-08-24T15:40:00Z,5.068493150684933,7.755,,False,,,7.25,-0.6849315068493127
KMRK,under120,2026-08-24T14:40:00Z,morning,1.1419,-0.064016393442623,False,shallow_outside,1-3,True,True,2026-08-24T18:50:00Z,3.336544355898067,1.19,,False,,,1.18,3.336544355898067
ISPR,under120,2026-08-24T14:40:00Z,morning,1.395,-0.06375838926174494,False,shallow_outside,1-3,True,False,,,1.4494,101.35664335664336,False,,,1.41,1.0752688172042941
NKLR,under120,2026-08-24T14:40:00Z,morning,5.73,-0.06372549019607837,False,shallow_outside,3-10,True,False,,,5.79,98.97435897435898,False,,,5.675,-0.9598603839441641
XHG,under120,2026-08-24T14:40:00Z,morning,4.13,-0.06349206349206354,False,shallow_outside,3-10,True,False,,,4.2641,101.04502369668246,False,,,4.041,-2.154963680387398
PMAX,under120,2026-08-24T14:40:00Z,morning,1.18,-0.06349206349206354,False,shallow_outside,1-3,True,False,,,1.2336,101.95041322314049,False,,,1.195,1.2711864406779767
QSI,under120,2026-08-24T14:40:00Z,morning,0.7823,-0.06311377245508978,False,shallow_outside,<1,True,False,,,0.7848,98.34586466165413,False,,,0.7696,-1.6234181260386098
BXBL,under120,2026-08-24T14:40:00Z,morning,4.17,-0.0629213483146068,False,shallow_outside,3-10,True,False,,,4.24,99.5305164319249,False,,,4.05,-2.8776978417266212
ALPS,under120,2026-08-24T14:40:00Z,morning,0.3,-0.06250000000000006,False,shallow_outside,<1,True,True,2026-08-24T19:50:00Z,2.666666666666669,0.3138,,False,,,0.299,-0.33333333333333365
GENK,under120,2026-08-24T14:40:00Z,morning,1.95,-0.06250000000000006,False,shallow_outside,1-3,True,True,2026-08-24T19:35:00Z,2.051282051282053,2.0,,False,,,1.97,1.0256410256410264
BDSX,under120,2026-08-24T14:40:00Z,morning,24.97,-0.06233571160345476,False,other_price_or_range,10-120,False,,,,,,,,,,
EXOZ,under120,2026-08-24T14:40:00Z,morning,6.705,-0.06223776223776228,False,shallow_outside,3-10,True,True,2026-08-24T19:45:00Z,2.013422818791943,6.85,,,,,6.95,3.6539895600298298
VTIX,under120,2026-08-24T14:40:00Z,morning,1.2191,-0.06223076923076921,False,shallow_outside,1-3,True,True,2026-08-24T19:05:00Z,3.3549339676810708,1.26,,False,,,1.265,3.7650725945369388
FIEE,under120,2026-08-24T14:40:00Z,morning,4.24,-0.061946902654867124,False,shallow_outside,3-10,True,True,2026-08-24T14:40:00Z,5.188679245283013,4.49,,False,,,4.57,7.783018867924529
OIO,under120,2026-08-24T14:40:00Z,morning,1.82,-0.06185567010309272,False,shallow_outside,1-3,True,False,,,1.88,101.0752688172043,False,,,1.82,0.0
ALMS,under120,2026-08-24T14:40:00Z,morning,22.675,-0.06185353744311133,False,other_price_or_range,10-120,False,,,,,,,,,,
APMD,under120,2026-08-24T14:40:00Z,morning,26.3,-0.0617195861576882,False,other_price_or_range,10-120,False,,,,,,,,,,
RCON,under120,2026-08-24T14:40:00Z,morning,2.89,-0.06168831168831167,False,shallow_outside,1-3,True,True,2026-08-24T15:10:00Z,5.190311418685118,3.04,,False,,,2.86,-1.0380622837370328
SURG,under120,2026-08-24T14:40:00Z,morning,0.16,-0.06158357771261002,False,shallow_outside,<1,True,True,2026-08-24T18:30:00Z,3.1250000000000027,0.1662,,False,,,0.1694,5.874999999999995
EROC,under120,2026-08-24T14:40:00Z,morning,13.26,-0.06157112526539285,False,other_price_or_range,10-120,False,,,,,,,,,,
GYGY,under120,2026-08-24T14:40:00Z,morning,1.2299,-0.061145038167938974,False,shallow_outside,1-3,True,True,2026-08-24T15:05:00Z,6.512724611757058,1.33,,False,,,1.2198,-0.8212049760143099
SMMT,under120,2026-08-24T14:40:00Z,morning,12.3556,-0.061124620060790225,False,other_price_or_range,10-120,False,,,,,,,,,,
YTRA,under120,2026-08-24T14:40:00Z,morning,0.9111,-0.0610120581263527,False,shallow_outside,<1,True,True,2026-08-24T14:45:00Z,5.037866315442865,0.9594,,False,,,0.9583,5.180550982329055
NN,under120,2026-08-24T14:40:00Z,morning,16.49,-0.06039886039886053,False,other_price_or_range,10-120,False,,,,,,,,,,
MXL,under120,2026-08-24T14:40:00Z,morning,62.59,-0.060351298603813185,False,other_price_or_range,10-120,False,,,,,,,,,,
UCTT,under120,2026-08-24T14:40:00Z,morning,71.825,-0.060251210257752236,False,other_price_or_range,10-120,False,,,,,,,,,,
WATT,under120,2026-08-24T14:40:00Z,morning,11.87,-0.060174188440221814,False,other_price_or_range,10-120,False,,,,,,,,,,
NBP,under120,2026-08-24T14:40:00Z,morning,1.88,-0.06000000000000005,False,shallow_outside,1-3,True,False,,,1.905,99.21875,False,,,1.885,0.2659574468085168
NAMI,under120,2026-08-24T14:40:00Z,morning,2.5193,-0.05996268656716428,False,shallow_outside,1-3,True,False,,,2.6,101.1673151750973,False,,,2.5,-0.76608581748898
OPTX,under120,2026-08-24T14:40:00Z,morning,8.0,-0.05992949471210338,False,shallow_outside,3-10,True,True,2026-08-24T18:15:00Z,4.0000000000000036,8.435,,False,,,8.34,4.249999999999998
ASPC,under120,2026-08-24T14:40:00Z,morning,11.71,-0.059437751004015944,False,other_price_or_range,10-120,False,,,,,,,,,,
BESS,under120,2026-08-24T14:40:00Z,morning,3.105,-0.05909090909090905,False,shallow_outside,3-10,True,True,2026-08-24T19:25:00Z,3.059581320450892,3.22,,False,,,3.2,3.059581320450892
AMSC,under120,2026-08-24T14:40:00Z,morning,28.25,-0.058647117627457564,False,other_price_or_range,10-120,False,,,,,,,,,,
SHPH,under120,2026-08-24T14:40:00Z,morning,3.54,-0.05851063829787228,False,shallow_outside,3-10,True,False,,,3.69,101.93370165745857,False,,,3.595,1.5536723163841852
SLMT,under120,2026-08-24T14:40:00Z,morning,4.03,-0.05841121495327103,False,shallow_outside,3-10,True,True,2026-08-24T15:30:00Z,5.210918114143919,4.24,,False,,,4.15,2.9776674937965284
QTEX,under120,2026-08-24T14:40:00Z,morning,0.8621,-0.05832878208629165,False,shallow_outside,<1,True,False,,,0.885,100.56818181818181,False,,,0.8616,-0.057997912075158906
ASYS,under120,2026-08-24T14:40:00Z,morning,13.78,-0.0580997949419003,False,other_price_or_range,10-120,False,,,,,,,,,,
CTW,under120,2026-08-24T14:40:00Z,morning,2.61,-0.05776173285198561,False,shallow_outside,1-3,True,True,2026-08-24T16:55:00Z,5.363984674329507,2.76,,True,2.59,-0.7662835249042153,2.73,4.5977011494252915
IMCC,under120,2026-08-24T14:40:00Z,morning,0.1063,-0.057624113475177235,False,shallow_outside,<1,True,True,2026-08-24T19:05:00Z,3.480714957666976,0.11,,False,,,0.1095,3.0103480714957613
ICHR,under120,2026-08-24T14:40:00Z,morning,56.735,-0.05755813953488378,False,other_price_or_range,10-120,False,,,,,,,,,,
DFTX,under120,2026-08-24T14:40:00Z,morning,42.335,-0.057336896014250634,False,other_price_or_range,10-120,False,,,,,,,,,,
IQMX,under120,2026-08-24T14:40:00Z,morning,10.48,-0.05670567056705662,False,other_price_or_range,10-120,False,,,,,,,,,,
TRIB,under120,2026-08-24T14:40:00Z,morning,10.0001,-0.0565943396226415,False,other_price_or_range,10-120,False,,,,,,,,,,
PHOE,under120,2026-08-24T14:40:00Z,morning,21.1,-0.05637594697816696,False,other_price_or_range,10-120,False,,,,,,,,,,
ORIO,under120,2026-08-24T14:40:00Z,morning,0.8503,-0.056166056166056265,False,shallow_outside,<1,True,True,2026-08-24T17:35:00Z,4.080912619075628,0.8999,,False,,,0.855,0.5527460896154344
ELVA,under120,2026-08-24T14:40:00Z,morning,6.27,-0.05572289156626508,False,shallow_outside,3-10,True,True,2026-08-24T19:30:00Z,2.0733652312599804,6.46,,False,,,6.39,1.913875598086126
ATEX,under120,2026-08-24T14:40:00Z,morning,88.055,-0.055710455764075,False,other_price_or_range,10-120,False,,,,,,,,,,
WKEY,under120,2026-08-24T14:40:00Z,morning,6.3192,-0.055426008968609865,False,shallow_outside,3-10,True,False,,,6.47,100.31007751937983,False,,,6.34,0.32915558931509503
UPB,under120,2026-08-24T14:40:00Z,morning,6.585,-0.055236728837876586,False,shallow_outside,3-10,True,True,2026-08-24T19:30:00Z,2.050113895216398,6.765,,False,,,6.59,0.07593014426727249
BDRX,under120,2026-08-24T14:40:00Z,morning,1.2,-0.05511811023622052,False,shallow_outside,1-3,True,True,2026-08-24T17:15:00Z,5.000000000000004,1.26,,False,,,1.18,-1.6666666666666683
CTKB,under120,2026-08-24T14:40:00Z,morning,4.545,-0.055093555093555034,False,shallow_outside,3-10,True,False,,,4.545,97.95258620689656,True,4.339,-4.532453245324522,4.44,-2.3102310231023
STKH,under120,2026-08-24T14:40:00Z,morning,3.47,-0.05449591280653944,False,shallow_outside,3-10,True,True,2026-08-24T19:40:00Z,2.0172910662824157,3.5999,,False,,,3.51,1.1527377521613713
ZONE,under120,2026-08-24T14:40:00Z,morning,0.1504,-0.05408805031446538,False,shallow_outside,<1,True,False,,,0.1534,99.61038961038962,False,,,0.151,0.3989361702127589
OCG,under120,2026-08-24T14:40:00Z,morning,1.75,-0.0540540540540541,False,shallow_outside,1-3,True,False,,,1.75,97.76536312849163,True,1.71,-2.285714285714288,1.65,-5.71428571428572
GMEX,under120,2026-08-24T14:40:00Z,morning,1.05,-0.0540540540540541,False,shallow_outside,1-3,True,False,,,1.0753,99.56481481481481,False,,,1.05,0.0
SWAG,under120,2026-08-24T14:40:00Z,morning,1.7501,-0.05400000000000005,False,shallow_outside,1-3,True,False,,,1.79,100.0,False,,,1.74,-0.5771098794354607
USDE,under120,2026-08-24T14:40:00Z,morning,7.01,-0.053981106612685605,False,shallow_outside,3-10,True,False,,,7.1892,100.40782122905027,False,,,6.23,-11.126961483594856
ZYBT,under120,2026-08-24T14:40:00Z,morning,1.93,-0.053921568627451025,False,shallow_outside,1-3,True,True,2026-08-24T15:10:00Z,5.181347150259061,2.03,,False,,,1.95,1.0362694300518145
CUPR,under120,2026-08-24T14:40:00Z,morning,2.72,-0.0539130434782608,False,shallow_outside,1-3,True,False,,,2.74,98.5611510791367,,,,2.74,0.7352941176470594
ALZN,under120,2026-08-24T14:40:00Z,morning,1.4765,-0.053525641025641106,False,shallow_outside,1-3,True,True,2026-08-24T19:20:00Z,3.623433796139526,1.54,,False,,,1.54,4.300711141212334
DCX,under120,2026-08-24T14:40:00Z,morning,0.9749,-0.053495145631068,False,shallow_outside,<1,True,True,2026-08-24T19:55:00Z,2.5746230382603357,1.01,,False,,,0.996,2.1643245461072937
JWEL,under120,2026-08-24T14:40:00Z,morning,2.48,-0.05343511450381684,False,shallow_outside,1-3,True,False,,,2.5899,101.96456692913387,False,,,2.42,-2.4193548387096793
NVTS,under120,2026-08-24T14:40:00Z,morning,12.28,-0.05319969159599085,False,other_price_or_range,10-120,False,,,,,,,,,,
SWMR,under120,2026-08-24T14:40:00Z,morning,40.2299,-0.05319133913862088,False,other_price_or_range,10-120,False,,,,,,,,,,
WFF,under120,2026-08-24T14:40:00Z,morning,1.96,-0.05314009661835743,False,shallow_outside,1-3,True,False,,,1.98,99.0,False,,,1.97,0.5102040816326535
IVVD,under120,2026-08-24T14:40:00Z,morning,0.94365,-0.053035624686402466,False,shallow_outside,<1,True,False,,,0.9499,98.63966770508826,True,0.9294,-1.5100937847718947,0.9351,-0.9060562708631321
KC,under120,2026-08-24T14:40:00Z,morning,10.55,-0.052962298025134635,False,other_price_or_range,10-120,False,,,,,,,,,,
DOCN,under120,2026-08-24T14:40:00Z,morning,109.53,-0.05283638879280525,False,other_price_or_range,10-120,False,,,,,,,,,,
SCNI,under120,2026-08-24T14:40:00Z,morning,3.0501,-0.05276397515527955,False,shallow_outside,3-10,True,True,2026-08-24T19:55:00Z,2.2917281400609837,3.18,,False,,,3.18,4.258876758139082
AAON,under120,2026-08-24T14:40:00Z,morning,75.25,-0.05274420946626382,False,other_price_or_range,10-120,False,,,,,,,,,,
BAFN,under120,2026-08-24T14:40:00Z,morning,6.925,-0.0526675786593707,False,shallow_outside,3-10,True,True,2026-08-24T18:25:00Z,4.115523465703974,7.235,,False,,,7.615,9.963898916967514
YRD,under120,2026-08-24T14:40:00Z,morning,1.08,-0.05263157894736828,False,shallow_outside,1-3,True,False,,,1.105,99.54954954954954,False,,,1.09,0.9259259259259267
LODE,under120,2026-08-24T14:40:00Z,morning,3.335,-0.0525568181818182,False,shallow_outside,3-10,True,True,2026-08-24T17:05:00Z,5.247376311844073,3.525,,False,,,3.525,5.6971514242878545
GOOS,under120,2026-08-24T14:40:00Z,morning,8.285,-0.05205949656750573,False,shallow_outside,3-10,True,False,,,8.285,97.93144208037823,True,8.14,-1.7501508750754322,8.27,-0.18105009052505214
NVAX,under120,2026-08-24T14:40:00Z,morning,8.475,-0.052013422818791934,False,shallow_outside,3-10,True,True,2026-08-24T18:30:00Z,3.008849557522133,8.7895,,False,,,8.855,4.4837758112094495
BIOX,under120,2026-08-24T14:40:00Z,morning,0.418,-0.05193921524155144,False,shallow_outside,<1,True,False,,,0.427,100.0,False,,,0.41,-1.913875598086126
TRT,under120,2026-08-24T14:40:00Z,morning,10.43,-0.05181818181818185,False,other_price_or_range,10-120,False,,,,,,,,,,
NUWE,under120,2026-08-24T14:40:00Z,morning,1.0999,-0.051810344827586056,False,shallow_outside,1-3,True,False,,,1.1,97.34513274336285,False,,,1.055,-4.082189289935463
ENRD,under120,2026-08-24T14:40:00Z,morning,5.68,-0.05175292153589324,False,shallow_outside,3-10,True,False,,,5.84,100.6896551724138,False,,,5.73,0.8802816901408576
ELOX,under120,2026-08-24T14:40:00Z,morning,19.89,-0.05172824791418359,False,other_price_or_range,10-120,False,,,,,,,,,,
VIAV,under120,2026-08-24T14:40:00Z,morning,36.89,-0.05167095115681229,False,other_price_or_range,10-120,False,,,,,,,,,,
MXC,under120,2026-08-24T14:40:00Z,morning,9.0,-0.051633298208640696,False,shallow_outside,3-10,True,True,2026-08-24T17:30:00Z,3.999999999999994,9.495,,,,,9.69,7.666666666666661
GLUE,under120,2026-08-24T14:40:00Z,morning,13.565,-0.05139860139860148,False,other_price_or_range,10-120,False,,,,,,,,,,
GOAI,under120,2026-08-24T14:40:00Z,morning,2.1155,-0.05134529147982065,False,shallow_outside,1-3,True,True,2026-08-24T14:55:00Z,5.412432049160957,2.2499,,False,,,2.05,-3.0961947530134775
AMKR,under120,2026-08-24T14:40:00Z,morning,47.68,-0.05133306804615994,False,other_price_or_range,10-120,False,,,,,,,,,,
CHSN,under120,2026-08-24T14:40:00Z,morning,1.1101,-0.05119658119658106,False,shallow_outside,1-3,True,False,,,1.16,101.75438596491229,False,,,1.1,-0.9098279434285197
P,under120,2026-08-24T14:40:00Z,morning,103.0,-0.051128512206356495,False,other_price_or_range,10-120,False,,,,,,,,,,
FRVO,under120,2026-08-24T14:40:00Z,morning,16.055,-0.051122931442080494,False,other_price_or_range,10-120,False,,,,,,,,,,
EHGO,under120,2026-08-24T14:40:00Z,morning,1.31,-0.050724637681159306,False,shallow_outside,1-3,True,False,,,1.34,100.0,False,,,1.265,-3.435114503816805
AIP,under120,2026-08-24T14:40:00Z,morning,22.68,-0.0506488070322311,False,other_price_or_range,10-120,False,,,,,,,,,,
VRME,under120,2026-08-24T14:40:00Z,morning,0.7011,-0.05064319566689248,False,shallow_outside,<1,True,True,2026-08-24T18:35:00Z,3.1236628155755284,0.7352,,False,,,0.7273,3.7369847382684354
DIOD,under120,2026-08-24T14:40:00Z,morning,89.28,-0.050616758826031526,False,other_price_or_range,10-120,False,,,,,,,,,,
UCL,under120,2026-08-24T14:40:00Z,morning,0.3703,-0.0505128205128205,False,shallow_outside,<1,True,False,,,0.375,99.20634920634922,False,,,0.369,-0.35106670267351425
CUE,under120,2026-08-24T14:40:00Z,morning,22.77,-0.05045871559633031,False,other_price_or_range,10-120,False,,,,,,,,,,
POET,under120,2026-08-24T14:40:00Z,morning,7.835,-0.05030303030303031,False,shallow_outside,3-10,True,False,,,7.8852,98.565,False,,,7.76,-0.9572431397575007
NBR,under120,2026-08-24T14:40:00Z,morning,87.765,-0.05026512282220535,False,other_price_or_range,10-120,False,,,,,,,,,,
NXXT,under120,2026-08-24T14:40:00Z,morning,0.2217,-0.05012853470437013,False,shallow_outside,<1,True,False,,,0.225,99.11894273127754,False,,,0.225,1.4884979702300394
VOYG,under120,2026-08-24T14:40:00Z,morning,36.48,-0.050000000000000044,False,other_price_or_range,10-120,False,,,,,,,,,,
VSME,under120,2026-08-24T14:40:00Z,morning,1.14,-0.050000000000000044,False,shallow_outside,1-3,True,True,2026-08-24T18:45:00Z,3.5087719298245648,1.19,,False,,,1.2199,7.00877192982457
IFBD,under120,2026-08-24T15:38:00Z,morning,0.89,-0.1188118811881188,True,in_bracket,<1,True,True,2026-08-24T16:05:00Z,5.056179775280904,0.9501,,,,,0.9504,6.786516853932585
INDP,under120,2026-08-24T15:38:00Z,morning,1.15,-0.10852713178294583,True,in_bracket,1-3,True,False,,,1.18,100.0,False,,,1.143,-0.608695652173904
ATHR,under120,2026-08-24T15:38:00Z,morning,3.2785,-0.1027149816629262,True,in_bracket,3-10,True,True,2026-08-24T15:45:00Z,7.976208631996334,3.61,,False,,,3.48,6.146103400945548
VMAR,under120,2026-08-24T15:38:00Z,morning,0.6085,-0.09314456035767511,False,shallow_outside,<1,True,True,2026-08-24T15:40:00Z,5.012325390304021,0.6399,,False,,,0.7082,16.38455217748562
QNTM,under120,2026-08-24T15:38:00Z,morning,3.1504,-0.08418604651162793,False,shallow_outside,3-10,True,True,2026-08-24T18:50:00Z,3.16150330116811,3.27,,False,,,3.22,2.2092432706957954
YAAS,under120,2026-08-24T15:38:00Z,morning,2.7,-0.08319185059422739,False,shallow_outside,1-3,True,True,2026-08-24T15:55:00Z,7.0370370370370345,2.94,,False,,,2.82,4.444444444444431
APVO,under120,2026-08-24T15:38:00Z,morning,2.46,-0.08208955223880604,False,shallow_outside,1-3,True,False,,,2.4704,98.42231075697214,False,,,2.41,-2.0325203252032447
DDC,under120,2026-08-24T15:38:00Z,morning,0.5533,-0.08150730411686592,False,shallow_outside,<1,True,True,2026-08-24T15:50:00Z,5.006325682270007,0.5898,,False,,,0.5897,6.578709560816915
SJ,under120,2026-08-24T15:38:00Z,morning,0.8843,-0.0805780827614889,False,shallow_outside,<1,True,True,2026-08-24T19:40:00Z,3.3585887142372566,0.9323,,,,,0.9753,10.290625353386856
BEEM,under120,2026-08-24T15:38:00Z,morning,1.445,-0.07961783439490445,False,shallow_outside,1-3,True,False,,,1.47,99.32432432432432,False,,,1.435,-0.6920415224913501
FBLG,under120,2026-08-24T15:38:00Z,morning,1.326,-0.07916666666666658,False,shallow_outside,1-3,True,True,2026-08-24T19:05:00Z,3.3182503770739094,1.39,,False,,,1.35,1.8099547511312233
BTOG,under120,2026-08-24T15:38:00Z,morning,3.441,-0.07747989276139414,False,shallow_outside,3-10,True,False,,,3.51,100.0,False,,,3.32,-3.5164196454519034
ELAB,under120,2026-08-24T15:38:00Z,morning,6.1601,-0.0750600600600601,False,shallow_outside,3-10,True,True,2026-08-24T19:30:00Z,2.1087320011038804,6.295,,False,,,6.54,6.16710767682343
CRMT,under120,2026-08-24T15:38:00Z,morning,2.209,-0.07184873949579824,False,shallow_outside,1-3,True,False,,,2.27,100.44247787610621,False,,,2.221,0.5432322317790861
PHOS,under120,2026-08-24T15:38:00Z,morning,17.19,-0.0713128038897893,False,other_price_or_range,10-120,False,,,,,,,,,,
ILLR,under120,2026-08-24T15:38:00Z,morning,0.8419,-0.07064797439010935,False,shallow_outside,<1,True,False,,,0.8628,100.44237485448195,False,,,0.8059,-4.276042285307048
GPRE,under120,2026-08-24T15:38:00Z,morning,15.13,-0.06892307692307688,False,other_price_or_range,10-120,False,,,,,,,,,,
HCAI,under120,2026-08-24T15:38:00Z,morning,4.7,-0.06886441080909737,False,shallow_outside,3-10,True,True,2026-08-24T18:25:00Z,4.04255319148935,4.98,,True,4.685,-0.31914893617022483,4.98,5.957446808510643
CNXU,under120,2026-08-24T15:38:00Z,morning,8.29,-0.06749156355455584,False,shallow_outside,3-10,True,False,,,8.29,97.99054373522456,True,8.065,-2.7141133896260516,7.92,-4.463208685162838
INV,under120,2026-08-24T15:38:00Z,morning,1.41,-0.06622516556291397,False,shallow_outside,1-3,True,False,,,1.41,97.91666666666666,False,,,1.365,-3.1914893617021227
IHT,under120,2026-08-24T15:38:00Z,morning,1.41,-0.06622516556291397,False,shallow_outside,1-3,True,True,2026-08-24T16:50:00Z,7.0921985815602895,1.5345,,False,,,1.4799,4.957446808510644
OBX,under120,2026-08-24T15:38:00Z,morning,18.59,-0.06582914572864315,False,other_price_or_range,10-120,False,,,,,,,,,,
NINE,under120,2026-08-24T15:38:00Z,morning,10.79,-0.06580086580086593,False,other_price_or_range,10-120,False,,,,,,,,,,
RMCF,under120,2026-08-24T15:38:00Z,morning,1.1402,-0.06540983606557367,False,shallow_outside,1-3,True,False,,,1.16,99.14529914529915,False,,,1.16,1.7365374495702346
CLYM,under120,2026-08-24T15:38:00Z,morning,16.17,-0.06423611111111108,False,other_price_or_range,10-120,False,,,,,,,,,,
RYDE,under120,2026-08-24T15:38:00Z,morning,0.7765,-0.06276403138201575,False,shallow_outside,<1,True,False,,,0.7999,100.87011349306432,False,,,0.788,1.481004507405031
HYFM,under120,2026-08-24T15:38:00Z,morning,0.9564,-0.062352941176470576,False,shallow_outside,<1,True,False,,,0.9696,99.34426229508198,True,0.9209,-3.7118360518611433,0.9099,-4.861982434127978
ECOR,under120,2026-08-24T15:38:00Z,morning,9.865,-0.06226235741444861,False,shallow_outside,3-10,True,False,,,9.98,99.10625620655412,False,,,9.73,-1.3684744044602106
BUDA,under120,2026-08-24T15:38:00Z,morning,8.4,-0.06085439889091374,False,shallow_outside,3-10,True,True,2026-08-24T18:45:00Z,5.595238095238082,9.05,,,,,8.55,1.7857142857142898
AHMA,under120,2026-08-24T15:38:00Z,morning,1.39,-0.06081081081081086,False,shallow_outside,1-3,True,False,,,1.4177,99.83802816901408,False,,,1.4,0.7194244604316554
FUTU,under120,2026-08-24T15:38:00Z,morning,116.135,-0.06070042057586538,False,other_price_or_range,10-120,False,,,,,,,,,,
DAO,under120,2026-08-24T15:38:00Z,morning,17.23,-0.060523446019629196,False,other_price_or_range,10-120,False,,,,,,,,,,
CRNC,under120,2026-08-24T15:38:00Z,morning,7.58,-0.05955334987593057,False,shallow_outside,3-10,True,False,,,7.692,99.37984496124031,False,,,7.56,-0.26385224274406943
LCFY,under120,2026-08-24T15:38:00Z,morning,2.375,-0.059405940594059375,False,shallow_outside,1-3,True,False,,,2.41,99.1769547325103,False,,,2.29,-3.578947368421051
DK,under120,2026-08-24T15:38:00Z,morning,67.33,-0.05792640268644187,False,other_price_or_range,10-120,False,,,,,,,,,,
WLDS,under120,2026-08-24T15:38:00Z,morning,2.44,-0.05791505791505788,False,shallow_outside,1-3,True,False,,,2.45,98.39357429718876,False,,,2.27,-6.967213114754095
FTHM,under120,2026-08-24T15:38:00Z,morning,0.6748,-0.05767350928641252,False,shallow_outside,<1,True,False,,,0.6806,98.78084179970973,False,,,0.6655,-1.3781861292234698
BBLG,under120,2026-08-24T15:38:00Z,morning,0.5901,-0.05764931331842865,False,shallow_outside,<1,True,False,,,0.6066,100.76411960132891,False,,,0.6003,1.728520589730552
NWTG,under120,2026-08-24T15:38:00Z,morning,1.31,-0.057553956834532266,False,shallow_outside,1-3,True,False,,,1.3151,98.1417910447761,,,,1.26,-3.8167938931297747
RXO,under120,2026-08-24T15:38:00Z,morning,21.25,-0.05723158828748887,False,other_price_or_range,10-120,False,,,,,,,,,,
CXAI,under120,2026-08-24T15:38:00Z,morning,3.63,-0.05714285714285719,False,shallow_outside,3-10,True,True,2026-08-24T16:30:00Z,5.234159779614324,3.83,,False,,,3.87,6.61157024793389
CCM,under120,2026-08-24T15:38:00Z,morning,4.99,-0.056710775047258945,False,shallow_outside,3-10,True,False,,,5.04,99.01768172888016,False,,,5.0,0.20040080160320214
OII,under120,2026-08-24T15:38:00Z,morning,50.01,-0.056415094339622676,False,other_price_or_range,10-120,False,,,,,,,,,,
PTEN,under120,2026-08-24T15:38:00Z,morning,11.645,-0.05632090761750407,False,other_price_or_range,10-120,False,,,,,,,,,,
NXH,under120,2026-08-24T15:38:00Z,morning,3.9174,-0.05604819277108437,False,shallow_outside,3-10,True,False,,,3.94,98.5,False,,,3.9,-0.44417215500077356
RNGR,under120,2026-08-24T15:38:00Z,morning,16.17,-0.05604203152364258,False,other_price_or_range,10-120,False,,,,,,,,,,
SIDU,under120,2026-08-24T15:38:00Z,morning,2.2372,-0.05603375527426161,False,shallow_outside,1-3,True,False,,,2.27,99.12663755458514,False,,,2.215,-0.9923118183443688
NAII,under120,2026-08-24T15:38:00Z,morning,2.0301,-0.05576744186046507,False,shallow_outside,1-3,True,True,2026-08-24T19:00:00Z,3.443180138909417,2.11,,,,,2.17,6.891286143539722
PDS,under120,2026-08-24T15:38:00Z,morning,86.605,-0.05545861053549999,False,other_price_or_range,10-120,False,,,,,,,,,,
BGM,under120,2026-08-24T15:38:00Z,morning,0.2478,-0.0552802134959969,False,shallow_outside,<1,True,False,,,0.251,99.2094861660079,False,,,0.2503,1.0088781275222074
QCLS,under120,2026-08-24T15:38:00Z,morning,2.4381,-0.05500000000000005,False,shallow_outside,1-3,True,False,,,2.47,99.19678714859438,False,,,2.43,-0.3322259136212532
HMH,under120,2026-08-24T15:38:00Z,morning,19.25,-0.054982817869415855,False,other_price_or_range,10-120,False,,,,,,,,,,
OIS,under120,2026-08-24T15:38:00Z,morning,8.18,-0.054335260115607006,False,shallow_outside,3-10,True,False,,,8.36,100.11976047904191,False,,,8.31,1.5892420537897407
ASTS,under120,2026-08-24T15:38:00Z,morning,64.9387,-0.05406117989803362,False,other_price_or_range,10-120,False,,,,,,,,,,
YXT,under120,2026-08-24T15:38:00Z,morning,2.8,-0.054054054054054106,False,shallow_outside,1-3,True,True,2026-08-24T19:40:00Z,2.142857142857145,2.89,,False,,,2.91,3.9285714285714404
HSAI,under120,2026-08-24T15:38:00Z,morning,18.07,-0.053926701570680684,False,other_price_or_range,10-120,False,,,,,,,,,,
BSAA,under120,2026-08-24T15:38:00Z,morning,11.36,-0.05333333333333338,False,other_price_or_range,10-120,False,,,,,,,,,,
MP,under120,2026-08-24T15:38:00Z,morning,56.85,-0.05328892589508736,False,other_price_or_range,10-120,False,,,,,,,,,,
PESI,under120,2026-08-24T15:38:00Z,morning,16.3801,-0.05317341040462439,False,other_price_or_range,10-120,False,,,,,,,,,,
MGA,under120,2026-08-24T15:38:00Z,morning,69.17,-0.053114305270362705,False,other_price_or_range,10-120,False,,,,,,,,,,
INHD,under120,2026-08-24T15:38:00Z,morning,6.81,-0.05285118219749663,False,shallow_outside,3-10,True,False,,,6.87,98.84892086330936,False,,,6.67,-2.055800293685752
PBF,under120,2026-08-24T15:38:00Z,morning,69.645,-0.05283557731538155,False,other_price_or_range,10-120,False,,,,,,,,,,
RVSN,under120,2026-08-24T15:38:00Z,morning,4.9301,-0.05281460134486065,False,shallow_outside,3-10,True,True,2026-08-24T16:30:00Z,5.068862700553728,5.26,,False,,,5.38,9.125575546134957
MRVI,under120,2026-08-24T15:38:00Z,morning,8.185,-0.05266203703703704,False,shallow_outside,3-10,True,True,2026-08-24T19:30:00Z,2.0158827122785477,8.3997,,False,,,8.41,2.7489309712889387
WOK,under120,2026-08-24T15:38:00Z,morning,2.16,-0.05263157894736828,False,shallow_outside,1-3,True,True,2026-08-24T19:55:00Z,2.3148148148148064,2.245,,False,,,2.245,3.9351851851851833
MCRP,under120,2026-08-24T15:38:00Z,morning,1.175,-0.05241935483870964,False,shallow_outside,1-3,True,False,,,1.21,100.83333333333333,False,,,1.16,-1.2765957446808616
RNTX,under120,2026-08-24T15:38:00Z,morning,0.7752,-0.05232273838630801,False,shallow_outside,<1,True,True,2026-08-24T17:05:00Z,5.0051599587203235,0.8177,,False,,,0.8048,3.8183694530443706
AKTX,under120,2026-08-24T15:38:00Z,morning,7.44,-0.05222929936305723,False,shallow_outside,3-10,True,False,,,7.6,100.13175230566536,True,7.5,0.8064516129032205,7.56,1.612903225806441
KTOS,under120,2026-08-24T15:38:00Z,morning,54.195,-0.0520377820535246,False,other_price_or_range,10-120,False,,,,,,,,,,
DAR,under120,2026-08-24T15:38:00Z,morning,62.33,-0.051871006997261895,False,other_price_or_range,10-120,False,,,,,,,,,,
CMND,under120,2026-08-24T15:38:00Z,morning,1.65,-0.05172413793103453,False,shallow_outside,1-3,True,True,2026-08-24T19:50:00Z,2.4242424242424265,1.69,,False,,,1.67,1.2121212121212133
STI,under120,2026-08-24T15:38:00Z,morning,7.25,-0.05104712041884813,False,shallow_outside,3-10,True,False,,,7.4896,101.2108108108108,False,,,7.242,-0.11034482758620699
SRFM,under120,2026-08-24T15:38:00Z,morning,0.6833,-0.05097222222222216,False,shallow_outside,<1,True,False,,,0.6857,98.37876614060258,False,,,0.6545,-4.2148397482804105
STEX,under120,2026-08-24T15:38:00Z,morning,0.7909,-0.050768122899663946,False,shallow_outside,<1,True,False,,,0.8066,99.95043370508053,False,,,0.774,-2.136806170185867
KITT,under120,2026-08-24T15:38:00Z,morning,0.8338,-0.05066605943299554,False,shallow_outside,<1,True,False,,,0.8453,99.33019976498238,False,,,0.82,-1.6550731590309467
INLF,under120,2026-08-24T15:38:00Z,morning,4.5,-0.050632911392405104,False,shallow_outside,3-10,True,False,,,4.6303,100.87799564270152,False,,,4.4438,-1.2488888888888796
ADUR,under120,2026-08-24T15:38:00Z,morning,15.23,-0.050498753117206904,False,other_price_or_range,10-120,False,,,,,,,,,,
MDCX,under120,2026-08-24T15:38:00Z,morning,0.2581,-0.050404709345106664,False,shallow_outside,<1,True,False,,,0.2624,99.3939393939394,False,,,0.2572,-0.3487020534676528
AREC,under120,2026-08-24T15:38:00Z,morning,2.545,-0.05037313432835829,False,shallow_outside,1-3,True,False,,,2.56,98.46153846153845,False,,,2.505,-1.5717092337917498
PCLA,under120,2026-08-24T15:38:00Z,morning,7.19,-0.05019815059445177,False,shallow_outside,3-10,True,False,,,7.4102,100.95640326975477,False,,,7.07,-1.6689847009735759
MTEK,under120,2026-08-24T15:38:00Z,morning,1.14,-0.050000000000000044,False,shallow_outside,1-3,True,False,,,1.15,98.29059829059828,False,,,1.13,-0.8771929824561412
IESC,120to500,2026-08-24T13:38:00Z,morning,335.91,-0.5096490715870605,False,other_price_or_range,120-500,False,,,,,,,,,,
MRNA,120to500,2026-08-24T13:38:00Z,morning,133.8,-0.07806793908909243,False,other_price_or_range,120-500,False,,,,,,,,,,
COHR,120to500,2026-08-24T13:38:00Z,morning,267.92,-0.07460624481901067,False,other_price_or_range,120-500,False,,,,,,,,,,
CRDO,120to500,2026-08-24T13:38:00Z,morning,215.76,-0.06423212039727633,False,other_price_or_range,120-500,False,,,,,,,,,,
BE,120to500,2026-08-24T13:38:00Z,morning,188.91,-0.062248696947133246,False,other_price_or_range,120-500,False,,,,,,,,,,
CIEN,120to500,2026-08-24T13:38:00Z,morning,371.31,-0.06185098158114156,False,other_price_or_range,120-500,False,,,,,,,,,,
AMUU,120to500,2026-08-24T13:38:00Z,morning,164.88,-0.059322904186492297,False,other_price_or_range,120-500,False,,,,,,,,,,
MRVL,120to500,2026-08-24T13:38:00Z,morning,223.195,-0.05840786365170435,False,other_price_or_range,120-500,False,,,,,,,,,,
NBIS,120to500,2026-08-24T13:38:00Z,morning,206.445,-0.05788801168256287,False,other_price_or_range,120-500,False,,,,,,,,,,
TWST,120to500,2026-08-24T13:38:00Z,morning,137.5,-0.05556700322824372,False,other_price_or_range,120-500,False,,,,,,,,,,
SKHY,120to500,2026-08-24T13:38:00Z,morning,154.43,-0.05495379719723389,False,other_price_or_range,120-500,False,,,,,,,,,,
LABU,120to500,2026-08-24T13:38:00Z,morning,300.785,-0.05174968474148791,False,other_price_or_range,120-500,False,,,,,,,,,,
WDC,120to500,2026-08-24T14:40:00Z,morning,428.78,-0.06673341459167688,False,other_price_or_range,120-500,False,,,,,,,,,,
TER,120to500,2026-08-24T14:40:00Z,morning,354.64,-0.0561558524511631,False,other_price_or_range,120-500,False,,,,,,,,,,
ENTG,120to500,2026-08-24T14:40:00Z,morning,136.005,-0.05328553529166088,False,other_price_or_range,120-500,False,,,,,,,,,,
STRL,120to500,2026-08-24T14:40:00Z,morning,489.5231,-0.052798707455351,False,other_price_or_range,120-500,False,,,,,,,,,,
ONTO,120to500,2026-08-24T14:40:00Z,morning,277.09,-0.05536426550301712,False,other_price_or_range,120-500,False,,,,,,,,,,
MOD,120to500,2026-08-24T14:40:00Z,morning,187.3,-0.05250910562525291,False,other_price_or_range,120-500,False,,,,,,,,,,
VICR,120to500,2026-08-24T14:40:00Z,morning,190.24,-0.05136132442405497,False,other_price_or_range,120-500,False,,,,,,,,,,
SIMO,120to500,2026-08-24T14:40:00Z,morning,242.74,-0.060458275274810354,False,other_price_or_range,120-500,False,,,,,,,,,,
AVAV,120to500,2026-08-24T14:40:00Z,morning,152.1999,-0.05005679690425655,False,other_price_or_range,120-500,False,,,,,,,,,,
AGX,120to500,2026-08-24T14:40:00Z,morning,467.79,-0.06746008013874763,False,other_price_or_range,120-500,False,,,,,,,,,,
CAMT,120to500,2026-08-24T14:40:00Z,morning,138.91,-0.053811048293713,False,other_price_or_range,120-500,False,,,,,,,,,,
TECL,120to500,2026-08-24T14:40:00Z,morning,184.0019,-0.055480211488116604,False,other_price_or_range,120-500,False,,,,,,,,,,
FRHC,120to500,2026-08-24T15:38:00Z,morning,159.9719,-0.06262803234501343,False,other_price_or_range,120-500,False,,,,,,,,,,
MDB,120to500,2026-08-24T15:38:00Z,morning,405.95,-0.0577489961237611,False,other_price_or_range,120-500,False,,,,,,,,,,
JBHT,120to500,2026-08-24T15:38:00Z,morning,260.165,-0.05549101470321281,False,other_price_or_range,120-500,False,,,,,,,,,,
TFII,120to500,2026-08-24T15:38:00Z,morning,134.03,-0.05178634594977003,False,other_price_or_range,120-500,False,,,,,,,,,,
NVMI,120to500,2026-08-24T15:38:00Z,morning,357.595,-0.051446987983766096,False,other_price_or_range,120-500,False,,,,,,,,,,
RH,120to500,2026-08-24T15:38:00Z,morning,145.49,-0.050388355851445715,False,other_price_or_range,120-500,False,,,,,,,,,,
