date_seen,symbol,price_at_scan,pct_change_at_scan
2026-07-24,WBUY,0.8511,-0.2400892857142858
2026-07-24,ZVRA,9.535,-0.23841853035143767
2026-07-24,SXTC,0.2559,-0.23060733613950687
2026-07-24,CDXS,1.541,-0.2256281407035176
2026-07-24,EHGO,2.17,-0.19926199261992622
2026-07-24,TAOP,0.7773,-0.19509164336750545
2026-07-24,CWD,0.57,-0.17570498915401309
2026-07-24,LGHL,1.03,-0.16935483870967738
2026-07-24,VTAK,0.34,-0.16543937162493855
2026-07-24,PLAG,0.5961,-0.14451779563719863
2026-07-24,PAVS,5.0901,-0.13873096446700517
2026-07-24,WETO,0.0988,-0.13636363636363638
2026-07-24,ATER,0.48,-0.12727272727272737
2026-07-24,BIYA,2.36,-0.11940298507462696
2026-07-24,RITR,0.1153,-0.11782708492731453
2026-07-24,CBRG,4.64,-0.11619047619047625
2026-07-24,STFS,3.28,-0.1135135135135136
2026-07-24,LODE,3.44,-0.11340206185567009
2026-07-24,KIDZ,0.485,-0.10878353546490266
2026-07-24,IMCC,0.1187,-0.10818933132982717
2026-07-24,RNAZ,6.49,-0.10482758620689653
2026-07-24,RYDE,0.6049,-0.10371906949177664
2026-07-24,IRAB,8.96,-0.09949748743718578
2026-07-24,TNMG,0.3618,-0.09550000000000003
2026-07-24,YOUL,0.7059,-0.09488395948198496
2026-07-24,COOT,0.3798,-0.09355608591885432
2026-07-24,CRWU,3.43,-0.0925925925925925
2026-07-24,SKHL,9.82,-0.09074074074074077
2026-07-24,AEHG,8.87,-0.09025641025641033
2026-07-24,AXTU,3.23,-0.0901408450704225
2026-07-24,AXTX,6,-0.08675799086757995
2026-07-24,AEHL,0.6549,-0.08610103265420035
2026-07-24,TOPP,0.61,-0.08545727136431791
2026-07-24,CISS,0.88,-0.0852390852390852
2026-07-24,AXTL,2.33,-0.08267716535433069
2026-07-24,SOBR,0.6249,-0.08264826776277161
2026-07-24,ZBAO,0.2314,-0.08247422680412365
2026-07-24,LBGJ,0.0287,-0.0801282051282051
2026-07-24,ZYBT,1.6565,-0.0797222222222222
2026-07-24,SLGB,0.7551,-0.07892168821663818
2026-07-24,AAOG,3.3,-0.07563025210084034
2026-07-24,OPTT,0.17,-0.0745781164942841
2026-07-24,COHH,7.79,-0.0737217598097503
2026-07-24,ZNB,0.253,-0.07326007326007332
2026-07-24,FBGL,0.5107,-0.07145454545454545
2026-07-24,KSCP,1.58,-0.07058823529411758
2026-07-24,UCAR,0.93,-0.06999999999999995
2026-07-24,CYCU,0.3339,-0.06991643454039001
2026-07-24,TLSA,0.95,-0.06862745098039222
2026-07-24,YMAT,1.82,-0.06666666666666661
2026-07-24,ODYS,4.3501,-0.06650214592274674
2026-07-24,MASK,1.42,-0.06578947368421058
2026-07-24,DSC,6.16,-0.06525037936267067
2026-07-24,EXYN,2.87,-0.06514657980456018
2026-07-24,LABT,2.8608,-0.06509803921568635
2026-07-24,MF,5.35,-0.0646853146853147
2026-07-24,BAOS,1.6,-0.06432748538011689
2026-07-24,VSME,1.18,-0.06349206349206354
2026-07-24,AMPG,5.94,-0.06309148264984218
2026-07-24,XHG,1.04,-0.06306306306306311
2026-07-24,GLXU,6.34,-0.06213017751479289
2026-07-24,IREG,8.78,-0.061965811965811975
2026-07-24,VHUB,0.7513,-0.061696015986012244
2026-07-24,IZM,0.2591,-0.05952813067150644
2026-07-24,TAOX,3.455,-0.058583106267029936
2026-07-24,QMLS,7.7216,-0.058341463414634115
2026-07-24,TRNR,3.08,-0.058103975535168176
2026-07-24,AMIX,3.3,-0.0571428571428572
2026-07-24,ANPA,3.3001,-0.05711428571428571
2026-07-24,MODD,2.8673,-0.05680921052631574
2026-07-24,SNDC,9.48,-0.056716417910447785
2026-07-24,NSRX,2.92,-0.05593275137407049
2026-07-24,NIVF,1.1519,-0.05581967213114758
2026-07-24,SNTG,2.2001,-0.055751072961373445
2026-07-24,COIA,7.17,-0.05533596837944663
2026-07-24,SPCH,6.66,-0.05531914893617017
2026-07-24,ONDL,7.11,-0.05514950166112957
2026-07-24,OSSL,9.1,-0.05510502871027023
2026-07-24,POEL,9.56,-0.05440158259149347
2026-07-24,KEEL,4.55,-0.054054054054054015
2026-07-24,CPHI,1.7502,-0.053945945945946004
2026-07-24,AHMA,1.58,-0.053892215568862194
2026-07-24,JZXN,1.23,-0.05384615384615389
2026-07-24,TV,2.64,-0.05376344086021502
2026-07-24,HYLN,3.9,-0.05339805825242723
2026-07-24,SPAX,6.74,-0.05337078651685392
2026-07-24,SRXH,1.705,-0.052777777777777764
2026-07-24,RMSG,0.3897,-0.05251641137855582
2026-07-24,SPCU,8.89,-0.05223880597014927
2026-07-24,ALOY,7.08,-0.052208835341365424
2026-07-24,ONDG,2.75,-0.051724137931034454
2026-07-24,PLU,9.2,-0.051546391752577324
2026-07-24,OKLL,3.13,-0.05151515151515149
2026-07-24,CONL,4.725,-0.051204819277108585
2026-07-24,MPG,3.53,-0.0510752688172044
2026-07-24,RDWU,5.11,-0.050185873605947874
2026-07-24,ZCMD,1.32,-0.23699421965317916
2026-07-24,IPW,0.6658,-0.19783132530120484
2026-07-24,REBN,1.05,-0.1463414634146341
2026-07-24,MGNX,3.515,-0.1234413965087281
2026-07-24,BNRG,0.686,-0.12220089571337162
2026-07-24,INLF,3.33,-0.11199999999999997
2026-07-24,XHLD,1.86,-0.11004784688995205
2026-07-24,BXBL,4.8257,-0.10635185185185185
2026-07-24,HIHO,1.18,-0.10606060606060615
2026-07-24,EGG,5.745,-0.10234375000000004
2026-07-24,HDRN,1.79,-0.10050251256281405
2026-07-24,BW,9.945,-0.09673024523160759
2026-07-24,YYGH,1.1563,-0.09664062499999994
2026-07-24,CRMT,3.29,-0.09615384615384617
2026-07-24,VCIG,0.58,-0.09600997506234413
2026-07-24,MI,8.7,-0.09327774882751447
2026-07-24,CHGA,0.2267,-0.0924739791833466
2026-07-24,ENHA,3.05,-0.09226190476190478
2026-07-24,ALGS,4.26,-0.09168443496801718
2026-07-24,SLMT,4.155,-0.08881578947368408
2026-07-24,NKLR,4.9472,-0.08723247232472331
2026-07-24,TE,5.19,-0.0862676056338027
2026-07-24,KULR,2.5371,-0.08407942238267144
2026-07-24,ABTC,5.6,-0.0819672131147541
2026-07-24,GLND,2.0199,-0.08186363636363653
2026-07-24,ELOG,0.8,-0.08045977011494247
2026-07-24,ELPW,0.2101,-0.08012259194395789
2026-07-24,GLMD,0.51,-0.07775768535262212
2026-07-24,CAST,1.92,-0.07692307692307698
2026-07-24,AIIO,2.6436,-0.07566433566433556
2026-07-24,ASTC,6.9901,-0.07538359788359784
2026-07-24,KLXE,2.22,-0.07499999999999989
2026-07-24,LWLG,6.18,-0.07485029940119761
2026-07-24,AIAI,6.7,-0.07458563535911603
2026-07-24,LEDS,2.24,-0.07438016528925609
2026-07-24,TDIC,2.64,-0.07368421052631577
2026-07-24,FWDI,3.95,-0.0727699530516431
2026-07-24,MTNB,0.2312,-0.07223113964687004
2026-07-24,AIFA,1.9217,-0.07164251207729463
2026-07-24,SKYQ,5.24,-0.07092198581560274
2026-07-24,SES,0.4992,-0.07091010608598552
2026-07-24,CTM,0.6504,-0.07085714285714283
2026-07-24,HUBC,1.05,-0.07079646017699102
2026-07-24,CLRO,5.15,-0.07039711191335735
2026-07-24,ENVX,4.035,-0.07027649769585247
2026-07-24,CAN,0.2372,-0.07016856134849078
2026-07-24,NCTY,3.45,-0.07008086253369267
2026-07-24,MRM,0.9302,-0.06979999999999997
2026-07-24,ELAB,0.8829,-0.06955422067657283
2026-07-24,FTCI,3.22,-0.06936416184971092
2026-07-24,NRGV,3.025,-0.06923076923076926
2026-07-24,TGEN,3.165,-0.06911764705882349
2026-07-24,HCWB,2.6812,-0.06902777777777773
2026-07-24,XBIO,2.5,-0.06890130353817507
2026-07-24,NRSN,0.6099,-0.0688549618320611
2026-07-24,ASPN,4.805,-0.06879844961240318
2026-07-24,EPSM,1.239,-0.06842105263157892
2026-07-24,STAK,1.2301,-0.06810606060606067
2026-07-24,TMDE,0.96,-0.06796116504854374
2026-07-24,VWAV,3.0598,-0.06713414634146334
2026-07-24,IOTR,3.2,-0.06705539358600582
2026-07-24,DGXX,4.04,-0.06697459584295613
2026-07-24,ORKT,0.98,-0.06666666666666672
2026-07-24,BRCC,1.12,-0.06666666666666654
2026-07-24,POET,7.095,-0.06644736842105262
2026-07-24,OPTX,7.05,-0.06622516556291391
2026-07-24,INFQ,9.05,-0.06604747162022692
2026-07-24,MRLN,3.295,-0.06524822695035461
2026-07-24,NXXT,0.3202,-0.06510948905109501
2026-07-24,LUCY,0.651,-0.06371350496188696
2026-07-24,CXAI,0.1123,-0.06338615512927447
2026-07-24,BLDP,2.7923,-0.06298657718120805
2026-07-24,NXTS,1.79,-0.06282722513089
2026-07-24,MTEN,1.125,-0.062499999999999965
2026-07-24,IMSR,4.98,-0.06214689265536708
2026-07-24,SMTK,0.213,-0.06208718626155879
2026-07-24,WKHS,2.59,-0.06159420289855071
2026-07-24,TWG,2.5159,-0.06123134328358222
2026-07-24,YDDL,1.765,-0.061170212765957445
2026-07-24,MEDS,3.08,-0.06097560975609748
2026-07-24,SATL,3.5786,-0.06073490813648301
2026-07-24,NTHI,3.41,-0.06060606060606054
2026-07-24,STDN,8.25,-0.06036446469248285
2026-07-24,SPRO,1.09,-0.06034482758620676
2026-07-24,SMR,8.28,-0.06015891032917152
2026-07-24,KBSX,0.846,-0.06000000000000005
2026-07-24,VIR,8.78,-0.05995717344753753
2026-07-24,NUCL,5.65,-0.05990016638935099
2026-07-24,CDT,3.075,-0.05963302752293573
2026-07-24,NAK,1.6099,-0.05853801169590635
2026-07-24,BEAT,0.5038,-0.058493739487946166
2026-07-24,EVEX,2.28,-0.05785123966942154
2026-07-24,CEPL,9.58,-0.057550418101328
2026-07-24,XXI,4.345,-0.05748373101952289
2026-07-24,VMAR,0.7846,-0.0574243152330611
2026-07-24,SUNE,2.4508,-0.05738461538461538
2026-07-24,AIFC,0.4409,-0.057301689116955296
2026-07-24,JTAI,1.98,-0.05714285714285719
2026-07-24,JOBY,7.11,-0.057029177718832855
2026-07-24,GORO,2.1601,-0.056724890829694376
2026-07-24,PYPD,4,-0.05660377358490571
2026-07-24,FJET,3.5,-0.056603773584905655
2026-07-24,CRNT,2.095,-0.0563063063063063
2026-07-24,GSIT,5.72,-0.056105610561056084
2026-07-24,LTBR,7.58,-0.056039850560398424
2026-07-24,TKNO,4.91,-0.05576923076923077
2026-07-24,DAIC,1.3223,-0.05549999999999992
2026-07-24,AMPX,9.36,-0.05549949545913226
2026-07-24,BZAI,0.9395,-0.05539915543937265
2026-07-24,RUN,9.805,-0.055394990366088734
2026-07-24,CPSH,4.46,-0.05508474576271182
2026-07-24,RDW,8.77,-0.054956896551724116
2026-07-24,KLRS,3.705,-0.05484693877551017
2026-07-24,GEVO,1.73,-0.054644808743169446
2026-07-24,ACET,7.96,-0.05463182897862232
2026-07-24,NMRA,1.475,-0.05448717948717946
2026-07-24,TSSI,9.9,-0.054441260744985696
2026-07-24,ORBS,0.6111,-0.05431754874651814
2026-07-24,SHFS,0.1922,-0.054133858267716446
2026-07-24,SCLX,6.99,-0.05412719891745595
2026-07-24,DFDV,2.715,-0.054006968641115066
2026-07-24,GRDX,3.17,-0.05373134328358214
2026-07-24,JSPR,0.6901,-0.05349060485530095
2026-07-24,LBTYA,9.74,-0.053449951409134985
2026-07-24,VELO,9.57,-0.053412462908011785
2026-07-24,ALTO,4.705,-0.053319919517102556
2026-07-24,AVAT,0.3607,-0.05328083989501308
2026-07-24,SURG,0.2404,-0.053170539582512846
2026-07-24,BZFD,1.07,-0.053097345132743216
2026-07-24,ATOM,5.285,-0.05286738351254479
2026-07-24,CRDL,1.165,-0.05284552845528451
2026-07-24,GOSS,0.135,-0.05263157894736828
2026-07-24,XPON,3.3163,-0.05248571428571428
2026-07-24,PMVP,1.2603,-0.05240601503759405
2026-07-24,BTCT,0.6492,-0.052401109327105594
2026-07-24,JUNS,0.145,-0.052287581699346455
2026-07-24,HXHX,0.4853,-0.05196327407696818
2026-07-24,LTRX,5.3,-0.051878354203935606
2026-07-24,ICON,0.9671,-0.05186274509803927
2026-07-24,WRD,5.415,-0.051663747810858134
2026-07-24,CGTX,0.9106,-0.05165590501978763
2026-07-24,NOK,9.23,-0.051387461459403906
2026-07-24,AIRE,1.48,-0.05128205128205133
2026-07-24,NXTT,0.6804,-0.051178357272346896
2026-07-24,AXIL,5.41,-0.050877192982456146
2026-07-24,VNET,7.375,-0.05083655083655078
2026-07-24,PACB,1.3289,-0.05078571428571425
2026-07-24,SIDU,1.87,-0.050761421319796884
2026-07-24,GIGM,1.31,-0.050724637681159306
2026-07-24,LICN,1.1299,-0.05050420168067231
2026-07-24,SLBT,3.01,-0.050473186119873864
2026-07-24,LPL,3.2,-0.050445103857566745
2026-07-24,DNA,7.53,-0.05044136191677169
2026-07-24,URG,1.225,-0.050387596899224764
2026-07-24,PLBL,7.38,-0.050193050193050155
2026-07-24,EQ,2.555,-0.050185873605947874
2026-07-24,SHPH,2.84,-0.05016722408026767
2026-07-24,DNN,2.935,-0.050161812297734566
2026-07-24,AQB,0.894,-0.050047816385081316
2026-07-24,ZJYL,1.9214,-0.15728070175438588
2026-07-24,CHAI,0.4123,-0.12089552238805965
2026-07-24,CNEY,0.6315,-0.11306179775280902
2026-07-24,LGCL,1.5702,-0.10784090909090907
2026-07-24,PETZ,1.21,-0.10701107011070111
2026-07-24,TPET,0.2899,-0.09968944099378887
2026-07-24,GRAN,1.2618,-0.09871428571428563
2026-07-24,JCSE,1.3301,-0.09517006802721083
2026-07-24,BATL,1.5699,-0.09254335260115602
2026-07-24,USDE,1.59,-0.08620689655172409
2026-07-24,NTCL,3.21,-0.08022922636103158
2026-07-24,AIHS,1.318,-0.07832167832167825
2026-07-24,VIVS,0.415,-0.07777777777777785
2026-07-24,PASW,0.1249,-0.07686622320768667
2026-07-24,XXII,4.3,-0.07526881720430119
2026-07-24,DUO,0.57,-0.07512575044621128
2026-07-24,FIEE,3,-0.07510173880873099
2026-07-24,BHST,1.8501,-0.07494999999999996
2026-07-24,NEUP,3.6295,-0.0741071428571428
2026-07-24,GOVX,0.78,-0.07142857142857137
2026-07-24,UPC,3.52,-0.0712401055408971
2026-07-24,FTRK,0.457,-0.07113821138211378
2026-07-24,EDSA,5.26,-0.07067137809187285
2026-07-24,TRUG,1.19,-0.07031250000000006
2026-07-24,HPAI,0.4301,-0.06904761904761914
2026-07-24,YMT,0.387,-0.06859205776173279
2026-07-24,RYOJ,3.81,-0.06845965770171145
2026-07-24,NEXT,7.42,-0.0678391959798995
2026-07-24,TOMZ,1.52,-0.06748466257668705
2026-07-24,GRML,0.187,-0.0673316708229427
2026-07-24,MGRX,0.5199,-0.06727664155005378
2026-07-24,MENS,2.53,-0.06642066420664212
2026-07-24,AMSS,1.065,-0.0657894736842105
2026-07-24,UZX,0.21,-0.06542056074766363
2026-07-24,EHLD,8.03,-0.06518120117812788
2026-07-24,MGN,0.0837,-0.06480446927374302
2026-07-24,MIMI,2.03,-0.06451612903225812
2026-07-24,PLUR,1.68,-0.06406685236768803
2026-07-24,HAO,0.1626,-0.06336405529953923
2026-07-24,DSWL,3.4,-0.06336088154269973
2026-07-24,YCBD,0.5401,-0.06281450633350687
2026-07-24,AGRZ,0.3006,-0.06238303181534628
2026-07-24,AMTX,1.735,-0.06216216216216215
2026-07-24,SVRE,3.48,-0.06199460916442048
2026-07-24,ONFO,0.091,-0.061855670103092834
2026-07-24,BJDX,1.0701,-0.06131578947368409
2026-07-24,BCAB,3.2514,-0.060289017341040495
2026-07-24,TVGN,4.145,-0.06009070294784593
2026-07-24,FOFO,2.04,-0.059907834101382444
2026-07-24,IMRN,1.1,-0.05982905982905969
2026-07-24,RUBI,2.22,-0.059322033898304954
2026-07-24,INDO,2.89,-0.05863192182410414
2026-07-24,FLZH,1.535,-0.058282208588957045
2026-07-24,LBTYK,9.4,-0.05811623246492986
2026-07-24,JLHL,5.85,-0.05797101449275367
2026-07-24,NEXR,0.3406,-0.05781466113416314
2026-07-24,DCGO,0.632,-0.056716417910447806
2026-07-24,PULM,1.67,-0.056497175141242986
2026-07-24,ACTU,1.19,-0.0555555555555556
2026-07-24,SILO,4.215,-0.054932735426008995
2026-07-24,ZENA,1.41,-0.05369127516778528
2026-07-24,JWEL,1.79,-0.052910052910052845
2026-07-24,NYXH,1.395,-0.05102040816326528
2026-07-24,LHSW,2.43,-0.05078124999999996
2026-07-24,MNDR,2.16,-0.17870722433460068
2026-07-24,LSTA,1.7768,-0.16188679245283027
2026-07-24,TRAW,0.462,-0.11153846153846153
2026-07-24,GIPR,0.6601,-0.11109614866684624
2026-07-24,GAUZ,0.3088,-0.11085516844226886
2026-07-24,PHGE,0.1771,-0.1069087241553202
2026-07-24,PMAX,1.5991,-0.1016292134831461
2026-07-24,CANG,1.65,-0.098360655737705
2026-07-24,ALP,0.2193,-0.09678747940691926
2026-07-24,ARMP,4.725,-0.09482758620689657
2026-07-24,NUAI,4.825,-0.09219190968955789
2026-07-24,NUWE,2,-0.09090909090909098
2026-07-24,LHAI,0.8663,-0.08820124197452898
2026-07-24,STXS,1.29,-0.08510638297872333
2026-07-24,IMNN,1.52,-0.0843373493975903
2026-07-24,NAMM,1.53,-0.08383233532934126
2026-07-24,CLDI,0.0962,-0.08380952380952383
2026-07-24,STKH,0.4225,-0.08351409978308033
2026-07-24,DTSS,0.77,-0.08333333333333327
2026-07-24,EVH,4.255,-0.08297413793103445
2026-07-24,GGRP,0.885,-0.08271144278606964
2026-07-24,PCSA,2.64,-0.08013937282229965
2026-07-24,DSY,3.175,-0.07971014492753634
2026-07-24,BTOG,0.8004,-0.0794709603220242
2026-07-24,AIMD,1.39,-0.07947019867549676
2026-07-24,DERM,6.07,-0.0775075987841945
2026-07-24,BTBT,1.385,-0.07666666666666666
2026-07-24,MWYN,0.765,-0.07642158638174577
2026-07-24,BCHT,1.395,-0.076158940397351
2026-07-24,PLCE,2.44,-0.07575757575757582
2026-07-24,RDGT,1.285,-0.07553956834532373
2026-07-24,ZTG,3.24,-0.07428571428571422
2026-07-24,SLQT,0.641,-0.07423454650491046
2026-07-24,PEPG,1.945,-0.07380952380952382
2026-07-24,EIKN,8.91,-0.07380457380457371
2026-07-24,BEEM,1.01,-0.0733944954128441
2026-07-24,ROLR,6.405,-0.07308248914616496
2026-07-24,INUV,0.9647,-0.07240384615384618
2026-07-24,NNOX,0.9035,-0.07219141507496409
2026-07-24,CURX,0.1856,-0.07200000000000012
2026-07-24,CHSN,1.16,-0.07200000000000006
2026-07-24,CPOP,0.3875,-0.07185628742514963
2026-07-24,ISPC,2.07,-0.07174887892376688
2026-07-24,MYSZ,0.3843,-0.07173913043478262
2026-07-24,TTRX,8.8,-0.07172995780590714
2026-07-24,EPRX,5.85,-0.07142857142857145
2026-07-24,ICCM,3,-0.07120743034055727
2026-07-24,TNXP,9.87,-0.07062146892655367
2026-07-24,NRXP,3.82,-0.07055961070559622
2026-07-24,NERV,4.14,-0.06966292134831471
2026-07-24,EVTL,1.405,-0.0695364238410596
2026-07-24,FAC,5.12,-0.06909090909090908
2026-07-24,RZLT,4.945,-0.06873822975517879
2026-07-24,VGAS,0.95,-0.06862745098039222
2026-07-24,AKTX,8.6684,-0.06791397849462372
2026-07-24,XELB,1.25,-0.06716417910447767
2026-07-24,CTOR,0.5395,-0.06693185748875832
2026-07-24,LNKS,1.26,-0.06666666666666672
2026-07-24,SPRC,5.34,-0.06643356643356642
2026-07-24,BSIN,1.2701,-0.06610294117647066
2026-07-24,OPAD,4.16,-0.0651685393258427
2026-07-24,INM,1.73,-0.06486486486486492
2026-07-24,VNRX,1.01,-0.06481481481481487
2026-07-24,PDC,3.461,-0.06459459459459468
2026-07-24,AZI,1.16,-0.06451612903225812
2026-07-24,ACDC,4.26,-0.06373626373626375
2026-07-24,CHR,1.92,-0.06341463414634142
2026-07-24,CODX,2.0701,-0.06330316742081445
2026-07-24,MVST,0.8057,-0.06324845948145565
2026-07-24,CCCC,3.42,-0.06301369863013698
2026-07-24,FLUX,0.6,-0.06250000000000006
2026-07-24,NEPH,3.535,-0.06233421750663127
2026-07-24,NIKI,8.05,-0.0617715617715617
2026-07-24,WFF,2.14,-0.06140350877192969
2026-07-24,ABSI,7.575,-0.06133828996282529
2026-07-24,HIVE,2.985,-0.061320754716981216
2026-07-24,BCYC,3.905,-0.061298076923077004
2026-07-24,AGPU,6.91,-0.06114130434782611
2026-07-24,OSRH,0.4227,-0.06066666666666665
2026-07-24,TANH,0.4055,-0.06025492468134407
2026-07-24,GCTK,0.2935,-0.060198527057316806
2026-07-24,SHLS,9.3,-0.05965621840242668
2026-07-24,TRT,9.31,-0.05959595959595958
2026-07-24,BCTX,3.5,-0.05913978494623661
2026-07-24,BGL,0.207,-0.059090909090909145
2026-07-24,CNXU,8.61,-0.05901639344262305
2026-07-24,UAMY,5.185,-0.058983666061706026
2026-07-24,ZSTK,1.45,-0.05844155844155849
2026-07-24,GLE,0.3711,-0.05836082212636392
2026-07-24,PN,8.89,-0.05826271186440667
2026-07-24,ATOS,2.27,-0.05809128630705399
2026-07-24,EOSE,3.505,-0.05779569892473126
2026-07-24,OPTU,0.8174,-0.05764353239566513
2026-07-24,KUST,1.3101,-0.057482014388489114
2026-07-24,EJH,1.81,-0.0572916666666666
2026-07-24,INSG,6.675,-0.05720338983050851
2026-07-24,DCX,0.6714,-0.05702247191011232
2026-07-24,DOMO,3.725,-0.056962025316455715
2026-07-24,ACHR,4.82,-0.056751467710371824
2026-07-24,OBAI,0.456,-0.05668183698800161
2026-07-24,MRNO,0.2066,-0.05662100456621002
2026-07-24,BENF,3.34,-0.056497175141242986
2026-07-24,BCDA,0.854,-0.056353591160221046
2026-07-24,MYPS,0.6219,-0.05629742033383918
2026-07-24,YJ,1.35,-0.05594405594405584
2026-07-24,REPL,9.875,-0.05592734225621423
2026-07-24,AIRJ,4.23,-0.055803571428571425
2026-07-24,TSHA,5.505,-0.05574614065180106
2026-07-24,PRSO,0.6823,-0.055640138408304514
2026-07-24,SOWG,3.145,-0.05555555555555557
2026-07-24,ROC,4.43,-0.05543710021321976
2026-07-24,ARRY,5.315,-0.05511111111111104
2026-07-24,SLXN,2.25,-0.05462184873949576
2026-07-24,XGN,4.68,-0.05454545454545464
2026-07-24,CHPT,5.115,-0.054528650646950075
2026-07-24,ANVS,1.655,-0.05428571428571427
2026-07-24,VANI,1.315,-0.05395683453237407
2026-07-24,EZGO,1.01255,-0.05369158878504673
2026-07-24,SDST,1.59,-0.05357142857142849
2026-07-24,CNTN,1.95,-0.05339805825242723
2026-07-24,STEM,5.5,-0.05335628227194486
2026-07-24,VRCA,5.15,-0.05330882352941177
2026-07-24,ADCT,1.155,-0.05327868852459012
2026-07-24,EVGO,1.43,-0.052980132450331174
2026-07-24,NCRA,1.43,-0.052980132450331174
2026-07-24,SNTI,0.404,-0.05297702766057186
2026-07-24,WRAP,1.705,-0.052777777777777764
2026-07-24,CRGO,1.26,-0.05263157894736847
2026-07-24,MOBX,1.81,-0.05235602094240831
2026-07-24,BOXL,3.44,-0.05234159779614324
2026-07-24,CPIX,6.62,-0.05225483178239087
2026-07-24,TCRX,0.8023,-0.05210302457466922
2026-07-24,WTI,3.65,-0.05194805194805199
2026-07-24,DXF,0.4914,-0.05171748359706675
2026-07-24,MIRA,0.88,-0.05162194201961413
2026-07-24,LIMN,0.1126,-0.051390058972198775
2026-07-24,KOPN,3.605,-0.05131578947368417
2026-07-24,TNON,0.187,-0.05124302384576356
2026-07-24,YHGJ,2.78,-0.051194539249146874
2026-07-24,ABCL,5.38,-0.05114638447971782
2026-07-24,PFSA,1.67,-0.05113636363636368
2026-07-24,BRR,1.765,-0.0510752688172044
2026-07-24,TCX,8.58,-0.050884955752212295
2026-07-24,TYGO,1.68,-0.05084745762711869
2026-07-24,KAPA,0.2828,-0.050688150386035594
2026-07-24,IXHL,3,-0.050632911392405104
2026-07-24,CCHH,1.3102,-0.05057971014492744
2026-07-24,BWEN,4.92,-0.050193050193050155
2026-07-24,BLNK,0.5263,-0.0500000000000001
2026-07-27,VTIX,1.9502,-0.26128787878787885
2026-07-27,YYAI,8.44,-0.25474613686534214
2026-07-27,RGTZ,4.69,-0.21833333333333327
2026-07-27,IONZ,4.82,-0.2072368421052631
2026-07-27,PFSA,1.37,-0.19883040935672508
2026-07-27,AKAN,6.3,-0.18499353169469607
2026-07-27,NEXR,0.2729,-0.18488649940262847
2026-07-27,WLDS,2.8808,-0.18390934844192636
2026-07-27,OFAL,0.0915,-0.18084153983885404
2026-07-27,BNRG,0.55,-0.17983895019385615
2026-07-27,VIVK,2.3899,-0.17872852233676984
2026-07-27,JEM,5.23,-0.1763779527559054
2026-07-27,IMCC,0.1,-0.172870140612076
2026-07-27,DCOY,4.185,-0.16964285714285723
2026-07-27,WBUY,0.7066,-0.1679227508243052
2026-07-27,SKYQ,3.9601,-0.1574255319148936
2026-07-27,MNDR,1.84,-0.15596330275229361
2026-07-27,TMDE,0.7967,-0.1537072445294243
2026-07-27,IPCX,9.05,-0.13147792706333966
2026-07-27,BCAR,8.99,-0.13140096618357483
2026-07-27,JZ,2.215,-0.13137254901960785
2026-07-27,REPL,8.485,-0.12525773195876289
2026-07-27,XHLD,1.6305,-0.12338709677419356
2026-07-27,ZYBT,1.52,-0.1213872832369942
2026-07-27,BATL,1.4399,-0.11662576687116562
2026-07-27,TELA,0.6116,-0.11490593342981176
2026-07-27,RCON,0.4183,-0.11170099808876616
2026-07-27,BANL,4.465,-0.11055776892430275
2026-07-27,TPET,0.2621,-0.10941216445803603
2026-07-27,RKLZ,4.85,-0.10681399631675877
2026-07-27,MSS,1.645,-0.10597826086956524
2026-07-27,VIVS,0.3751,-0.10455956075435666
2026-07-27,MI,8.38,-0.10278372591006414
2026-07-27,ASTN,6.8299,-0.10132894736842098
2026-07-27,LSH,0.318,-0.0996602491506229
2026-07-27,PLAG,0.6008,-0.09898020395920809
2026-07-27,CPHI,1.37,-0.09868421052631574
2026-07-27,TANH,0.3803,-0.09624524714828893
2026-07-27,HCTI,1.4644,-0.09604938271604949
2026-07-27,MODD,2.27,-0.095617529880478
2026-07-27,LABT,2.39,-0.0946969696969697
2026-07-27,FFAI,5.8999,-0.09092449922958405
2026-07-27,HXHX,0.4542,-0.09050861033239892
2026-07-27,GDTC,0.9005,-0.09040404040404043
2026-07-27,RPGL,1.76,-0.08808290155440411
2026-07-27,RADX,3.2461,-0.0856056338028168
2026-07-27,LBGJ,0.0283,-0.08414239482200653
2026-07-27,CALC,0.6974,-0.08224766416633768
2026-07-27,CBRG,3.94,-0.0772833723653395
2026-07-27,CORD,8.04,-0.07586206896551727
2026-07-27,SMTK,0.197,-0.07337723424270932
2026-07-27,AIDX,0.455,-0.07331975560081462
2026-07-27,MRT,1.9018,-0.07229268292682922
2026-07-27,CDIO,1.44,-0.07096774193548393
2026-07-27,CTOR,0.5225,-0.07061543934542878
2026-07-27,SPRC,4.955,-0.07035647279549719
2026-07-27,IVF,0.93,-0.06999999999999995
2026-07-27,ZBAO,0.1802,-0.06969540526587512
2026-07-27,INDP,2.43,-0.0689655172413792
2026-07-27,YSXT,0.7998,-0.06891734575087315
2026-07-27,LSTA,1.555,-0.0688622754491018
2026-07-27,ANNA,3.1022,-0.06840840840840848
2026-07-27,KOS,2.4501,-0.06840304182509505
2026-07-27,SNT,1.6404,-0.06795454545454542
2026-07-27,IPW,0.625,-0.06716417910447767
2026-07-27,GETY,0.4118,-0.06430356737105201
2026-07-27,ZCMD,1.31,-0.06428571428571418
2026-07-27,JETD,2.33,-0.06425702811244985
2026-07-27,STDN,7.78,-0.0626506024096386
2026-07-27,NUWE,1.9216,-0.06263414634146335
2026-07-27,SHIB,4.98e-06,-0.062146892655367277
2026-07-27,RCT,0.2006,-0.061300889096864764
2026-07-27,CRCD,5.75,-0.060457516339869295
2026-07-27,FTRK,0.4501,-0.06033402922755737
2026-07-27,FBLG,0.67,-0.05898876404494372
2026-07-27,HKPD,0.3442,-0.05750273822562984
2026-07-27,WTI,3.451,-0.05710382513661204
2026-07-27,CNEY,0.5451,-0.05708354955889971
2026-07-27,SEER,1.86,-0.05583756345177659
2026-07-27,PROP,0.7554,-0.055750000000000105
2026-07-27,NIVF,1.04,-0.05454545454545459
2026-07-27,INDO,2.78,-0.05442176870748304
2026-07-27,APWC,1.495,-0.053797468354430354
2026-07-27,MDCX,0.3501,-0.05378378378378371
2026-07-27,OTLK,1.33,-0.05338078291814943
2026-07-27,USOY,7.32,-0.05304010349288488
2026-07-27,CHOW,0.3501,-0.052503382949932266
2026-07-27,MRM,0.9354,-0.05131845841784988
2026-07-27,PAVS,4.584,-0.05093167701863363
2026-07-27,AIXI,1.12,-0.0508474576271185
2026-07-27,NIXX,0.7053,-0.167787610619469
2026-07-27,BAOS,0.9899,-0.15393162393162388
2026-07-27,BRLS,0.792,-0.15294117647058825
2026-07-27,BXBL,4.165,-0.15173116089613037
2026-07-27,GRNQ,1.0611,-0.15023624569552335
2026-07-27,AIAI,5.37,-0.13942307692307693
2026-07-27,CNXU,7.4,-0.1365227537922987
2026-07-27,QH,4.71,-0.1245353159851301
2026-07-27,RAY,2.8,-0.12225705329153609
2026-07-27,AIBZ,5.265,-0.12103505843071795
2026-07-27,VCIG,0.4534,-0.11944066809089143
2026-07-27,YOUL,0.5302,-0.114710302220738
2026-07-27,RITR,0.0944,-0.1136150234741784
2026-07-27,FLYE,1.64,-0.10869565217391314
2026-07-27,FAMI,0.1727,-0.10425311203319505
2026-07-27,LEDS,1.93,-0.10232558139534884
2026-07-27,AEON,0.2262,-0.09772636617471069
2026-07-27,VNRX,0.9038,-0.09619999999999995
2026-07-27,PLUR,1.61,-0.09550561797752805
2026-07-27,VWAV,2.6779,-0.09530405405405398
2026-07-27,AIFC,0.3924,-0.09418282548476442
2026-07-27,VIVO,3.88,-0.09133489461358307
2026-07-27,VIP,2.2275,-0.09081632653061229
2026-07-27,CEPL,8.675,-0.09067085953878391
2026-07-27,SLBT,2.8399,-0.08977564102564103
2026-07-27,KUST,1.23,-0.08888888888888896
2026-07-27,DRIO,7.1,-0.08857509627727861
2026-07-27,SCAG,0.311,-0.08770900557348191
2026-07-27,TC,2.1,-0.08695652173913032
2026-07-27,VBIO,0.272,-0.08417508417508407
2026-07-27,BIOX,0.3143,-0.0836734693877551
2026-07-27,LGO,0.5685,-0.08336020638503704
2026-07-27,NXTS,1.65,-0.08333333333333341
2026-07-27,FCUV,2.1,-0.08296943231441045
2026-07-27,GRML,0.1767,-0.08255451713395638
2026-07-27,SOC,4.33,-0.08067940552016983
2026-07-27,ANPA,3.93,-0.0796252927400467
2026-07-27,NTCL,3.04,-0.07878787878787873
2026-07-27,PASW,0.1144,-0.07741935483870965
2026-07-27,MWC,1.45,-0.07643312101910835
2026-07-27,HPK,7.07,-0.0758169934640523
2026-07-27,ICON,0.87,-0.07456653547494953
2026-07-27,DLXY,0.4151,-0.07405755074726734
2026-07-27,LIMN,0.1027,-0.0739404869251578
2026-07-27,THM,1.89,-0.07352941176470594
2026-07-27,USBC,0.295,-0.0723270440251573
2026-07-27,GTE,6.81,-0.07220708446866489
2026-07-27,REI,1.18,-0.07086614173228353
2026-07-27,ARBK,2.89,-0.07073954983922821
2026-07-27,EPOW,0.4907,-0.06993934799090208
2026-07-27,NIKI,7.8,-0.06921241050119342
2026-07-27,CNF,2.225,-0.0690376569037657
2026-07-27,TWG,2.3101,-0.06850806451612909
2026-07-27,SECZ,6.96,-0.06827309236947789
2026-07-27,CPSH,4.14,-0.06756756756756772
2026-07-27,GFUZ,6.28,-0.06686478454680538
2026-07-27,FMST,1.54,-0.0666666666666666
2026-07-27,CYCU,0.2988,-0.06624999999999999
2026-07-27,FRMI,6.91,-0.06621621621621625
2026-07-27,ORKT,1.0,-0.0654205607476636
2026-07-27,RAYA,2.545,-0.06433823529411774
2026-07-27,AGMH,1.0292,-0.0635974888545174
2026-07-27,HUDI,0.755,-0.06350781443810471
2026-07-27,AIXC,0.7691,-0.06344374086702391
2026-07-27,AIFA,1.8,-0.062499999999999944
2026-07-27,MVIS,0.236,-0.06237584425903851
2026-07-27,KEEL,3.995,-0.06220657276995298
2026-07-27,BWEN,4.53,-0.06211180124223599
2026-07-27,RYDE,0.5725,-0.06147540983606554
2026-07-27,NEPH,3.42,-0.06043956043956049
2026-07-27,CIIT,3.439,-0.06038251366120221
2026-07-27,YMT,0.281,-0.06020066889632094
2026-07-27,VS,1.307,-0.05971223021582731
2026-07-27,MXC,8.61,-0.05957140048495978
2026-07-27,IFBD,1.0071,-0.05878504672897192
2026-07-27,METC,9.745,-0.05845410628019328
2026-07-27,OPTX,6.64,-0.05815602836879435
2026-07-27,EONR,0.5275,-0.05786747633505981
2026-07-27,WPRT,1.805,-0.05744125326370762
2026-07-27,TSQ,5.95,-0.05705229793977804
2026-07-27,SAFX,0.3902,-0.05703238279362013
2026-07-27,EMPD,3.16,-0.05671641791044774
2026-07-27,AMSS,1.0,-0.05660377358490571
2026-07-27,BTCT,0.6053,-0.056283130651699445
2026-07-27,SLNH,1.19,-0.0555555555555556
2026-07-27,DGXX,3.76,-0.05527638190954779
2026-07-27,MNTS,4.455,-0.05414012738853501
2026-07-27,ROLR,6.02,-0.05345911949685546
2026-07-27,IOTR,3.01,-0.05345911949685546
2026-07-27,XGN,4.43,-0.05341880341880342
2026-07-27,AMTX,1.595,-0.053412462908011916
2026-07-27,SUIG,0.9381,-0.05242424242424237
2026-07-27,NFE,0.3344,-0.05242278265797681
2026-07-27,GBR,0.6806,-0.05208913649025068
2026-07-27,NVNO,9.85,-0.05197305101058719
2026-07-27,WHLR,0.2355,-0.051932367149758546
2026-07-27,INV,2.74,-0.05190311418685118
2026-07-27,NA,1.83,-0.05181347150259061
2026-07-27,WXM,3.5,-0.05149051490514904
2026-07-27,CDTG,0.90115,-0.051421052631578895
2026-07-27,NEXT,6.645,-0.05139186295503217
2026-07-27,NWGL,0.2571,-0.051291512915129234
2026-07-27,JFB,3.72,-0.05102040816326524
2026-07-27,KGEI,5.04,-0.050847457627118564
2026-07-27,NCEL,3.565,-0.050599201065246326
2026-07-27,PBK,0.4921,-0.05036665380162102
2026-07-27,RMSG,0.36,-0.05013192612137207
2026-07-27,LEXX,0.531,-0.050089445438282684
2026-07-27,BMGL,5.5,-0.05008635578583766
2026-07-27,SHLS,8.92,-0.050053248136315294
2026-07-27,,9.5235,-0.2617441860465116
2026-07-27,ABVC,1.0451,-0.09121739130434783
2026-07-27,UUU,3.37,-0.08672086720867205
2026-07-27,AVX,3.16,-0.08670520231213867
2026-07-27,INEO,0.662,-0.07451418985041243
2026-07-27,HODO,0.8515,-0.07435590825089686
2026-07-27,TAOP,0.7569,-0.07322150116321778
2026-07-27,XCH,0.5104,-0.07200000000000013
2026-07-27,RANI,0.7898,-0.0718063227171231
2026-07-27,TOP,2.035,-0.07077625570776247
2026-07-27,LINK,4.52,-0.06995884773662567
2026-07-27,MWYN,0.7,-0.06976744186046512
2026-07-27,ANIX,3.445,-0.068918918918919
2026-07-27,CGTL,4.485,-0.06756756756756742
2026-07-27,AMOD,3.5306,-0.06597883597883589
2026-07-27,RECT,1.32,-0.06382978723404245
2026-07-27,CDZI,2.96,-0.06329113924050639
2026-07-27,KRO,6.195,-0.06278366111951589
2026-07-27,AMPG,5.07,-0.06197964847363551
2026-07-27,JSPR,0.647,-0.06013945380592677
2026-07-27,BZAI,0.8496,-0.05965688987271715
2026-07-27,FABC,2.38,-0.059288537549407085
2026-07-27,INCR,0.91,-0.05797101449275356
2026-07-27,TTI,7.83,-0.05776173285198561
2026-07-27,LITB,3.1,-0.05775075987841943
2026-07-27,BESS,2.91,-0.05519480519480517
2026-07-27,GTN.A,6.52,-0.05507246376811605
2026-07-27,BTTC,0.8449,-0.05418112616142393
2026-07-27,JYD,0.88,-0.053763440860215096
2026-07-27,KLRS,3.53,-0.05361930294906171
2026-07-27,FISN,9.71,-0.05360623781676403
2026-07-27,CMCT,2.65,-0.05357142857142854
2026-07-27,DOMH,2.5,-0.05303030303030307
2026-07-27,GLND,1.905,-0.05223880597014914
2026-07-27,HMR,1.09,-0.05217391304347812
2026-07-27,PAPL,1.09,-0.05217391304347812
2026-07-27,ATNM,0.8158,-0.05139534883720932
2026-07-27,ACTU,1.12,-0.0508474576271185
2026-07-27,PTEN,9.685,-0.050490196078431256
2026-07-27,EJH,1.3899,-0.2806645274816272
2026-07-27,MKZR,1.21,-0.2243589743589744
2026-07-27,FEMY,3.065,-0.1738544474393531
2026-07-27,FEBO,0.73,-0.16255592520362516
2026-07-27,STFS,3.04,-0.11627906976744183
2026-07-27,SBFM,1.485,-0.10542168674698785
2026-07-27,FCHL,1.02,-0.10526315789473675
2026-07-27,ZTG,2.92,-0.10429447852760733
2026-07-27,RAIN,1.3099,-0.10280821917808212
2026-07-27,GCDT,0.4228,-0.09889173060528558
2026-07-27,ATER,0.3628,-0.09526184538653369
2026-07-27,BGLC,1.37,-0.0927152317880794
2026-07-27,ZSQR,4.78,-0.09125475285171095
2026-07-27,BGI,0.47,-0.09002904162633106
2026-07-27,COOT,0.3622,-0.08811681772406842
2026-07-27,QMLS,6.53,-0.08798882681564243
2026-07-27,EVH,3.85,-0.08767772511848333
2026-07-27,ACON,2.21,-0.08677685950413222
2026-07-27,SRXH,1.645,-0.08611111111111112
2026-07-27,CDT,2.8,-0.08496732026143798
2026-07-27,MPU,0.21,-0.08456843940714909
2026-07-27,PMEC,0.458,-0.08399999999999996
2026-07-27,YHC,1.6308,-0.08382022471910112
2026-07-27,SNTG,1.99,-0.08294930875576034
2026-07-27,PSQH,3.065,-0.08233532934131735
2026-07-27,JUNS,0.1111,-0.08181818181818176
2026-07-27,NMTC,1.75,-0.07894736842105259
2026-07-27,NAMI,2.8001,-0.07891447368421052
2026-07-27,TTRX,7.87,-0.0784543325526931
2026-07-27,GNLN,1.945,-0.07819905213270134
2026-07-27,FMFC,0.2325,-0.07811260904044397
2026-07-27,CLRO,4.925,-0.07771535580524346
2026-07-27,MRNO,0.196,-0.07547169811320749
2026-07-27,AMIX,2.7001,-0.07530821917808218
2026-07-27,GFAI,0.3237,-0.07514285714285712
2026-07-27,HUHU,5.06,-0.07495429616087754
2026-07-27,XXII,3.9501,-0.07491803278688516
2026-07-27,FTFT,1.0921,-0.07449152542372871
2026-07-27,BGSF,5.1,-0.07441016333938297
2026-07-27,ASRV,4.02,-0.07373271889400929
2026-07-27,BYAH,0.3751,-0.07359841936280562
2026-07-27,LAB,0.7721,-0.07333173307729242
2026-07-27,SNTI,0.3744,-0.07280832095096577
2026-07-27,MYSZ,0.391,-0.06904761904761898
2026-07-27,ZONE,0.67,-0.06789092932665547
2026-07-27,ATHR,3.88,-0.06730769230769236
2026-07-27,TLPH,1.26,-0.06666666666666672
2026-07-27,PRTS,4.9301,-0.06626893939393937
2026-07-27,OPTU,0.753,-0.06598858843959318
2026-07-27,IH,1.35,-0.06574394463667818
2026-07-27,CIRC,0.7406,-0.0648989898989899
2026-07-27,OBE,9.91,-0.06421152030217184
2026-07-27,VNTG,0.6523,-0.06359460235429229
2026-07-27,PLYX,1.92,-0.06341463414634142
2026-07-27,FAC,4.79,-0.06262230919765172
2026-07-27,FEED,0.3581,-0.0625654450261781
2026-07-27,CODX,1.97,-0.061904761904761955
2026-07-27,BENF,3.05,-0.06153846153846159
2026-07-27,EGY,5.215,-0.060360360360360354
2026-07-27,PWCM,1.9648,-0.05990430622009558
2026-07-27,GSUN,0.1965,-0.05980861244019131
2026-07-27,QXL,4.61,-0.05918367346938776
2026-07-27,WOK,1.9195,-0.05906862745098042
2026-07-27,DYAI,1.12,-0.05882352941176457
2026-07-27,ACDC,4.01,-0.05868544600938967
2026-07-27,NCT,3.2114,-0.058240469208211236
2026-07-27,GELS,0.66,-0.05821917808219171
2026-07-27,PMVP,1.17,-0.05645161290322586
2026-07-27,ARAY,0.225,-0.05620805369127515
2026-07-27,BBLG,1.01,-0.056074766355140235
2026-07-27,GMM,2.615,-0.05595667870036094
2026-07-27,BUDA,8.51,-0.05549389567147614
2026-07-27,VSA,3.25,-0.05523255813953487
2026-07-27,ZKIN,1.285,-0.055147058823529535
2026-07-27,VENU,2.24,-0.05485232067510544
2026-07-27,DXF,0.4538,-0.0547802541137264
2026-07-27,BSIN,1.21,-0.05468750000000005
2026-07-27,AKTX,8.225,-0.05459770114942525
2026-07-27,SDST,1.495,-0.053797468354430354
2026-07-27,XBIO,2.5,-0.05303030303030307
2026-07-27,WYHG,3.42,-0.05263157894736841
2026-07-27,TDIC,2.53,-0.052434456928838996
2026-07-27,RIME,0.44,-0.05233685117381001
2026-07-27,RETO,2.6,-0.05109489051094895
2026-07-27,BRCC,1.025,-0.05092592592592607
2026-07-27,AYTU,2.05,-0.05092592592592607
2026-07-27,RMCF,0.8578,-0.050370862393446236
2026-07-27,SNES,1.32,-0.050359712230215715
2026-07-27,YCBD,0.511,-0.050185873605948
