timestamp_utc,symbol,old_target,new_target,peak_price,low_since_buy,decay_pct,reason
2026-10-01T15:41:00Z,BXBL,3.46,3.46,3.38,3.05,0.05,no_change_decay_target_current
2026-10-01T15:41:00Z,SLI,1.94,1.94,1.9172,1.77,0.05,no_change_decay_target_current
2026-10-01T15:41:00Z,QNC,1.93,1.93,1.87,1.46,0.05,no_change_decay_target_current
2026-10-01T15:41:00Z,BSEM,3.45,3.45,3.378,3.0,0.05,no_change_decay_target_current
2026-10-01T15:41:00Z,GLAS,6.2,6.2,5.99,4.9661,0.05,no_change_decay_target_current
2026-10-01T15:41:00Z,OXBR,1.18,1.18,1.1679,0.965,0.05,no_change_decay_target_current
2026-10-01T15:41:00Z,EPRX,8.5,8.5,8.2,7.98,0.05,no_change_decay_target_current
2026-10-01T15:41:00Z,BKYI,2.61,2.61,2.49,2.31,0.05,no_change_decay_target_current
2026-10-01T15:41:00Z,GRML,9.76,9.76,9.35,8.89,0.05,no_change_decay_target_current
2026-10-01T15:41:00Z,MCRB,3.1,3.1,2.95,2.83,0.05,no_change_decay_target_current
2026-10-01T15:41:00Z,TMCR,3.46,3.46,3.37,3.11,0.05,no_change_decay_target_current
2026-10-01T15:41:00Z,VIVO,3.26,3.26,3.14,3.07,0.05,no_change_decay_target_current
2026-10-01T15:41:00Z,LUCD,0.62,0.62,0.5849,0.5,0.05,no_change_decay_target_current
2026-10-01T15:41:00Z,RADX,1.49,1.49,1.49,1.42,0.05,no_change_a2_tolerance_band_held_decay_target_current
